#,Section,Where,Text,Keep / Change / Cut,Suggested text,Notes
1,Story and dialogue,STORY.intro[0] — Sh. Saleem,Assalamu alaikum! You must be the brother who just moved to Eastside. Welcome to Masjid Al-Amanah.,,,
2,Story and dialogue,STORY.intro[1] — Khalil,"Welcome to the gym! It's also the overflow musalla, the Sunday school, and the potluck hall. Watch out for folding chairs.",,,
3,Story and dialogue,STORY.intro[2] — Nasser,The rim on the left is bent. Shoot at the right one.,,,
4,Story and dialogue,STORY.intro[3] — Uncle Mahmoud,"Beta, in 1987 I scored forty points in this gym. Nobody was keeping score, but I know.",,,
5,Story and dialogue,STORY.intro[4] — Tariq,"I'm Tariq, from the youth group. Somebody keeps score now. Every shot, every release, every assist. It's all on the sheet.",,,
6,Story and dialogue,STORY.intro[5] — Uncle Siddiq,"And I'm Uncle Siddiq. Chai after Isha, and the chalkboard by the door keeps our streak. May it only go up.",,,
7,Story and dialogue,STORY.intro[6] — Sh. Saleem,"We're a small masjid, and we've never won the Metro Masjid League. But we play with adab, and we play for each other.",,,
8,Story and dialogue,STORY.intro[7] — Sh. Saleem,"You'll run the two-man game with me. Practice in the gym, earn Barakah Points, and get stronger. The league starts soon, in sha Allah.",,,
9,Story and dialogue,STORY.intro[8] — Nasser,"One shooting tip: let it go at the top of your jump. Watch the meter for the green. And don't force it with a hand in your face, pass instead.",,,
10,Story and dialogue,STORY.stageIntro[0][0] — Jalal,Al-Amanah is entering the league? Didn't your team lose to our youth group last year?,,,
11,Story and dialogue,STORY.stageIntro[0][1] — Khalil,That was a... strategic loss.,,,
12,Story and dialogue,STORY.stageIntro[0][2] — Sh. Saleem,"Salaam, Jalal. May the better team win, and may we all pray Maghrib together after.",,,
13,Story and dialogue,STORY.stageIntro[0][3] — Tariq,"Before every game I'll bring you a scouting report. Their record, their best player, one tip. Short. I promise.",,,
14,Story and dialogue,STORY.stageIntro[1][0] — Sh. Saleem,The State Masjid Championship. Eight of the best small masjids in the state.,,,
15,Story and dialogue,STORY.stageIntro[1][1] — Uncle Rafiq,"Travel light, pray on time, and don't eat gas station food before a game.",,,
16,Story and dialogue,STORY.stageIntro[1][2] — Jalal,Al-Burhan made it too. You beat us once. It will not happen twice.,,,
17,Story and dialogue,STORY.stageIntro[1][3] — Uncle Siddiq,"I packed two thermoses. One for us, one for Al-Burhan. Rivals still drink chai.",,,
18,Story and dialogue,STORY.stageIntro[2][0] — Sh. Saleem,"Nationals. Brothers from masjids across the country, all in one gym.",,,
19,Story and dialogue,STORY.stageIntro[2][1] — Nasser,I looked up the other teams. They're good.,,,
20,Story and dialogue,STORY.stageIntro[2][2] — Khalil,We're good too! ...Right?,,,
21,Story and dialogue,STORY.stageIntro[2][3] — Tariq,We are. Our assist numbers went up every stage. I made a chart.,,,
22,Story and dialogue,STORY.stageIntro[2][4] — Sh. Saleem,"We prepare, we make du'a, and we leave the rest to Allah.",,,
23,Story and dialogue,STORY.stageIntro[3][0] — Sh. Saleem,"The World Ummah Cup. Istanbul, Kuala Lumpur, Lagos, Sarajevo. The whole ummah in one tournament.",,,
24,Story and dialogue,STORY.stageIntro[3][1] — Uncle Mahmoud,"Whatever happens, you are representing all of us back home. Represent us well.",,,
25,Story and dialogue,STORY.stageIntro[3][2] — Jalal,Two teams from our country made it. Let us make sure one of us brings it home.,,,
26,Story and dialogue,STORY.stageIntro[3][3] — Uncle Siddiq,"Whatever the chalkboard says after this, I'm proud of all of you. Now go. The chai will wait.",,,
27,Story and dialogue,STORY.win[0][0] — Uncle Rafiq,Good win. Now go help stack the chairs. Humility is also a muscle.,,,
28,Story and dialogue,STORY.win[1][0] — Sh. Saleem,"Alhamdulillah. We thank Allah first, then we thank whoever grabbed those rebounds.",,,
29,Story and dialogue,STORY.win[2][0] — Khalil,Did you see that? DID YOU SEE THAT?,,,
30,Story and dialogue,STORY.win[2][1] — Nasser,"Everyone saw it, Khalil.",,,
31,Story and dialogue,STORY.win[3][0] — Uncle Mahmoud,"Very nice. In my day we also won. Stay hungry, but eat first.",,,
32,Story and dialogue,STORY.loss[0][0] — Sh. Saleem,Sabr. A loss is a teacher if you let it be one.,,,
33,Story and dialogue,STORY.loss[0][1] — Nasser,Free throws after Isha. I'll rebound for you.,,,
34,Story and dialogue,STORY.loss[1][0] — Uncle Mahmoud,In 1987 we lost too. Then we had chai and came back. Have some chai.,,,
35,Story and dialogue,STORY.loss[1][1] — Khalil,"Next time we get them, bi idhnillah.",,,
36,Story and dialogue,STORY.loss[2][0] — Uncle Rafiq,Losing is not the shame. Losing your adab is the shame. You kept yours.,,,
37,Story and dialogue,STORY.loss[2][1] — Sh. Saleem,"We enter the tournament again. Same effort, more practice.",,,
38,Story and dialogue,STORY.lossRival[0] — Jalal,Good game. You pushed us all the way. Do not quit now.,,,
39,Story and dialogue,STORY.lossRival[1] — Sh. Saleem,He is right. Back to the gym.,,,
40,Story and dialogue,STORY.stageWin[0][0] — Khalil,LOCAL CHAMPIONS! Put it on the whiteboard! Put it on every whiteboard!,,,
41,Story and dialogue,STORY.stageWin[0][1] — Sh. Saleem,"Alhamdulillah. First trophy in our history. Now, who is helping put the chairs back?",,,
42,Story and dialogue,STORY.stageWin[0][2] — Jalal,Good game. You earned it. Go represent the city at State.,,,
43,Story and dialogue,STORY.stageWin[0][3] — Uncle Mahmoud,The aunties are making biryani for the whole team.,,,
44,Story and dialogue,STORY.stageWin[1][0] — Sh. Saleem,"State champions, alhamdulillah. Remember how we felt after our first loss? Patience brought us here.",,,
45,Story and dialogue,STORY.stageWin[1][1] — Jalal,We qualified for Nationals too. Save us a seat.,,,
46,Story and dialogue,STORY.stageWin[1][2] — Uncle Rafiq,"Be humble in winning. The trophy is heavy, but a big ego is heavier.",,,
47,Story and dialogue,STORY.stageWin[2][0] — Nasser,National champions. I don't know what to say.,,,
48,Story and dialogue,STORY.stageWin[2][1] — Khalil,I do! ALHAMDULILLAH!,,,
49,Story and dialogue,STORY.stageWin[2][2] — Sh. Saleem,We came from a gym with a bent rim. Now we meet masjids from all over the world. Let's be good guests and good ambassadors.,,,
50,Story and dialogue,STORY.stageWin[3][0] — Sh. Saleem,World Ummah Cup champions. Subhanallah.,,,
51,Story and dialogue,STORY.stageWin[3][1] — Sh. Saleem,"Whatever we won, remember why we played: brotherhood, adab, and representing our community.",,,
52,Story and dialogue,STORY.stageWin[3][2] — Uncle Mahmoud,In 1987 I scored forty points. But this... this is better.,,,
53,Story and dialogue,STORY.stageWin[3][3] — Khalil,Can we fix the left rim now?,,,
54,Story and dialogue,STORY.stageWin[3][4] — Nasser,We can fix the left rim now.,,,
55,Story and dialogue,STORY.tips[0],Bend your knees on free throws. And your ego.,,,
56,Story and dialogue,STORY.tips[1],Barakah is in sharing. Pass to the open brother.,,,
57,Story and dialogue,STORY.tips[2],Box out. The rebound doesn't come to the one who waits.,,,
58,Story and dialogue,STORY.tips[3],Hold shoot and let go at the top of your jump. Green on the meter is money.,,,
59,Story and dialogue,STORY.tips[4],A contested shot is a gift to the other team. Find the open brother.,,,
60,Story and dialogue,STORY.tips[5],Change direction while dribbling. The defender's ankles will need a break.,,,
61,Story and dialogue,STORY.tips[6],Sprint at the rim and shoot: that is a dunk. Use it wisely.,,,
62,Story and dialogue,STORY.tips[7],"Pray before the game, not just after it.",,,
63,Story and dialogue,STORY.tips[8],Defense is patience. Stay between your man and the rim.,,,
64,Story and dialogue,STORY.tips[9],"Help the man who falls, even if he wears the other jersey.",,,
65,Story and dialogue,STORY.tips[10],Talk on defense. A quiet team gets screened.,,,
66,Story and dialogue,STORY.tips[11],"Stay low on defense. Tall legs, short temper, both are trouble.",,,
67,Story and dialogue,STORY.tips[12],"Shake hands before tip-off. Adab first, then basketball.",,,
68,Story and dialogue,STORY.tips[13],Drink water. Your legs will thank you in the fourth.,,,
69,Story and dialogue,STORY.tips[14],A good pass makes two people happy.,,,
70,Story and dialogue,STORY.poolLoss[0][0] — Sh. Saleem,A loss in the group stage is not the end. Win the next one and we’re still alive.,,,
71,Story and dialogue,STORY.poolLoss[0][1] — Tariq,I ran the numbers. We control our own path.,,,
72,Story and dialogue,STORY.poolLoss[1][0] — Uncle Siddiq,"Chalk is forgiving, beta. The group isn’t over.",,,
73,Story and dialogue,STORY.poolLoss[1][1] — Khalil,We just need the next one. Bismillah.,,,
74,Story and dialogue,STORY.poolLoss[2][0] — Uncle Rafiq,"Lose with adab, then come back with focus. The table can still turn.",,,
75,Story and dialogue,STORY.groupOut[0] — Sh. Saleem,"We didn’t get out of the group this time. Sabr. We learn, we practice, and we enter again.",,,
76,Story and dialogue,STORY.groupOut[1] — Tariq,Third place on point difference. I’m going to be thinking about that for a while.,,,
77,Story and dialogue,INTRO_CAST.khalil.lines[0] — Khalil,"Welcome! Gym, overflow musalla, potluck hall. Mind the folding chairs.",,,
78,Story and dialogue,INTRO_CAST.nasser.lines[0] — Nasser,Shooting tip: let it go at the top of your jump. Green on the meter is money.,,,
79,Story and dialogue,INTRO_CAST.mahmoud.lines[0] — Uncle Mahmoud,"In 1987 I scored forty points in this gym, beta.",,,
80,Story and dialogue,INTRO_CAST.mahmoud.lines[1] — Uncle Mahmoud,Nobody kept score. But I know.,,,
81,Story and dialogue,INTRO_CAST.tariq.lines[0] — Tariq,"I’m Tariq. I keep the stat sheet now. Every shot, every assist.",,,
82,Story and dialogue,INTRO_CAST.siddiq.lines[0] — Uncle Siddiq,"Chai after Isha, brother. The chalkboard by the door keeps our streak.",,,
83,Story and dialogue,INTRO_OUT[0] — Sh. Saleem,Assalamu alaikum! You must be the brother who just moved to Eastside.,,,
84,Story and dialogue,INTRO_OUT[1] — you,Wa alaikum assalam. I heard you have a team?,,,
85,Story and dialogue,INTRO_OUT[2] — Sh. Saleem,"We do. Come in, the brothers are in the gym.",,,
86,Story and dialogue,TALK.saleem.options[0][0],Any advice for our next game?,,,
87,Story and dialogue,TALK.saleem.options[1][0],How do I stay humble after a win?,,,
88,Story and dialogue,TALK.saleem.options[2][0],Tell me about this masjid.,,,
89,Story and dialogue,TALK.mahmoud.options[0][0],Tell me about 1987.,,,
90,Story and dialogue,TALK.mahmoud.options[1][0],"Any shooting tips, uncle?",,,
91,Story and dialogue,TALK.mahmoud.options[2][0],How is your knee?,,,
92,Story and dialogue,TALK.rafiq.options[0][0],What does adab look like on the court?,,,
93,Story and dialogue,TALK.rafiq.options[1][0],I get frustrated when we lose.,,,
94,Story and dialogue,TALK.rafiq.options[2][0],Why stop practice for salah?,,,
95,Story and dialogue,TALK.khalil.options[0][0],How do we beat Al-Burhan?,,,
96,Story and dialogue,TALK.khalil.options[1][0],What should the masjid build next?,,,
97,Story and dialogue,TALK.khalil.options[2][0],Say something motivating.,,,
98,Story and dialogue,TALK.tariq.options[0][0],How’s my shot timing?,,,
99,Story and dialogue,TALK.tariq.options[1][0],Who should I watch out for next?,,,
100,Story and dialogue,TALK.tariq.options[2][0],Why do you track everything?,,,
101,Story and dialogue,TALK.siddiq.options[0][0],What’s on the chalkboard?,,,
102,Story and dialogue,TALK.siddiq.options[1][0],Why do you make chai every night?,,,
103,Story and dialogue,TALK.siddiq.options[2][0],Any advice for a hard game?,,,
104,Story and dialogue,MINI_TALK.saleem.ko[0],"Sorry, brother. The next round is yours.",,,
105,Story and dialogue,MINI_TALK.saleem.ko[1],Keep your elbow in next time.,,,
106,Story and dialogue,MINI_TALK.saleem.out[0],"Alhamdulillah, good shot.",,,
107,Story and dialogue,MINI_TALK.saleem.out[1],You got me fair and square.,,,
108,Story and dialogue,MINI_TALK.mahmoud.ko[0],Like 1987!,,,
109,Story and dialogue,MINI_TALK.mahmoud.ko[1],Uncle still has it!,,,
110,Story and dialogue,MINI_TALK.mahmoud.ko[2],"Sit down, beta, and watch.",,,
111,Story and dialogue,MINI_TALK.mahmoud.out[0],My knee slipped. The knee!,,,
112,Story and dialogue,MINI_TALK.mahmoud.out[1],In my day that one rims out.,,,
113,Story and dialogue,MINI_TALK.rafiq.ko[0],"Patience, beta. Patience.",,,
114,Story and dialogue,MINI_TALK.rafiq.ko[1],Bend the knees next time.,,,
115,Story and dialogue,MINI_TALK.rafiq.out[0],"Well played. Come, shake my hand.",,,
116,Story and dialogue,MINI_TALK.rafiq.out[1],Good shot. I taught you that.,,,
117,Story and dialogue,MINI_TALK.hamid.ko[0],"Slow and steady, young man.",,,
118,Story and dialogue,MINI_TALK.hamid.ko[1],"An old shot, but a good one.",,,
119,Story and dialogue,MINI_TALK.hamid.out[0],"Masha’Allah, good shooting.",,,
120,Story and dialogue,MINI_TALK.hamid.out[1],The young ones win today.,,,
121,Story and dialogue,MINI_TALK.khalil.ko[0],LET’S GO!,,,
122,Story and dialogue,MINI_TALK.khalil.ko[1],Too easy!,,,
123,Story and dialogue,MINI_TALK.khalil.out[0],No way! Rematch!,,,
124,Story and dialogue,MINI_TALK.khalil.out[1],"Okay, okay, that was clean.",,,
125,Story and dialogue,MINI_TALK.nasser.ko — Sorry.,Box out.,,,
126,Story and dialogue,MINI_TALK.nasser.out[0],Nice shot.,,,
127,Story and dialogue,MINI_TALK.nasser.out[1],Good game.,,,
128,Story and dialogue,MINI_TALK.tariq.ko[0],"According to my notes, that went in.",,,
129,Story and dialogue,MINI_TALK.tariq.ko[1],"Statistically, that was bound to happen.",,,
130,Story and dialogue,MINI_TALK.tariq.out[0],Recording that as a learning experience.,,,
131,Story and dialogue,MINI_TALK.tariq.out[1],Good shot. I’m writing it down.,,,
132,Story and dialogue,MINI_TALK.siddiq.ko[0],"Old man, young legs!",,,
133,Story and dialogue,MINI_TALK.siddiq.ko[1],That one is going on the chalkboard.,,,
134,Story and dialogue,MINI_TALK.siddiq.out[0],"Alhamdulillah, good shot. Chai later?",,,
135,Story and dialogue,MINI_TALK.siddiq.out[1],My legs are fine. My chai was cold.,,,
136,Story and dialogue,BEATS[0].label,First career win,,,
137,Story and dialogue,BEATS[0].lines[0] — Khalil,Our first win! I’m framing the score sheet.,,,
138,Story and dialogue,BEATS[0].lines[1] — Tariq,I already made a copy. And a backup of the copy.,,,
139,Story and dialogue,BEATS[0].lines[2] — Sh. Saleem,Alhamdulillah. One game at a time.,,,
140,Story and dialogue,BEATS[1].label,"First loss, and back to work",,,
141,Story and dialogue,BEATS[1].lines[0] — Uncle Siddiq,"First loss. Come, the chai is still hot. Losses go down easier with cardamom.",,,
142,Story and dialogue,BEATS[1].lines[1] — Sh. Saleem,Every team that ever won anything lost first. Back to the gym tomorrow.,,,
143,Story and dialogue,BEATS[2].label,First road win,,,
144,Story and dialogue,BEATS[2].lines[0] — Tariq,"First road win. Their gym, their crowd, our W. I’m adding a new column to the sheet.",,,
145,Story and dialogue,BEATS[2].lines[1] — Uncle Rafiq,And we thanked our hosts before we left. That matters too.,,,
146,Story and dialogue,BEATS[3].label,First buzzer beater,,,
147,Story and dialogue,BEATS[3].lines[0] — Khalil,"AT THE HORN! Tariq, did you get that?",,,
148,Story and dialogue,BEATS[3].lines[1] — Tariq,I wrote “BUZZER” in capital letters. I never use capital letters.,,,
149,Story and dialogue,BEATS[3].lines[2] — Sh. Saleem,Masha’Allah. Now let’s go shake hands. Win with manners.,,,
150,Story and dialogue,BEATS[4].label,First win over Al-Burhan,,,
151,Story and dialogue,BEATS[4].lines[0] — Jalal,"Good game. You earned that one. Next time will be different, in sha Allah.",,,
152,Story and dialogue,BEATS[4].lines[1] — Sh. Saleem,"Salaam, Jalal. Maghrib together?",,,
153,Story and dialogue,BEATS[4].lines[2] — Jalal,Of course. We are rivals on the court only.,,,
154,Story and dialogue,BEATS[5].label,First final,,,
155,Story and dialogue,BEATS[5].lines[0] — Uncle Siddiq,A final! I’m bringing the big thermos.,,,
156,Story and dialogue,BEATS[5].lines[1] — Nasser,We’ve never played in a final.,,,
157,Story and dialogue,BEATS[5].lines[2] — Sh. Saleem,Then we play it like any other game: focus and good intention.,,,
158,Story and dialogue,BEATS[6].label,First 20-point game,,,
159,Story and dialogue,BEATS[6].lines[0] — Tariq,Twenty points. That’s a career high. I checked twice.,,,
160,Story and dialogue,BEATS[6].lines[1] — Uncle Mahmoud,"Twenty! In 1987 I also... okay, okay. This one is yours, beta.",,,
161,Story and dialogue,BEATS[7].label,Five assists in a game,,,
162,Story and dialogue,BEATS[7].lines[0] — Khalil,Five assists! You gave away more buckets than the bake sale gave away brownies.,,,
163,Story and dialogue,BEATS[7].lines[1] — Sh. Saleem,Barakah is in sharing. That’s how we play.,,,
164,Story and dialogue,BEATS[8].label,Five straight wins,,,
165,Story and dialogue,BEATS[8].lines[0] — Uncle Siddiq,Five in a row. I ran out of room on the chalkboard and had to write smaller.,,,
166,Story and dialogue,BEATS[8].lines[1] — Sh. Saleem,Stay humble. Thank Allah. Keep the intention clean.,,,
167,Story and dialogue,BEATS[9].label,Undefeated tournament,,,
168,Story and dialogue,BEATS[9].lines[0] — Tariq,"Undefeated tournament. Every game, a win. A perfect sheet, masha’Allah.",,,
169,Story and dialogue,BEATS[10].label,First and-one,,,
170,Story and dialogue,BEATS[10].lines[0] — Khalil,AND ONE! I felt that from the bench.,,,
171,Story and dialogue,BEATS[10].lines[1] — Uncle Rafiq,Strong finish. And you helped him up after. Good.,,,
172,Story and dialogue,BEATS[11].label,First chase-down block,,,
173,Story and dialogue,BEATS[11].lines[0] — Tariq,Pinned on the glass. I need a new column on the sheet for that.,,,
174,Story and dialogue,BEATS[11].lines[1] — Sh. Saleem,Never give up on a play. That block is what effort looks like.,,,
175,Story and dialogue,UNCLE_LINES[0],IN MY DAY WE PLAYED IN SLIDES!,,,
176,Story and dialogue,UNCLE_LINES[1],"PASS THE BALL, BETA!",,,
177,Story and dialogue,UNCLE_LINES[2],BOX OUT! WHO TAUGHT YOU?,,,
178,Story and dialogue,UNCLE_LINES[4],MY KNEE SAYS NO. MY HEART SAYS YES!,,,
179,Story and dialogue,UNCLE_LINES[5],CHAI AFTER THE GAME?,,,
180,Story and dialogue,UNCLE_LINES[6],"SLIDES ON, GAME ON!",,,
181,Story and dialogue,UNCLE_LINES[7],"EAT FIRST, THEN SHOOT!",,,
182,Story and dialogue,UNCLE_LINES[8],WHO IS YOUR FATHER? I KNOW HIM!,,,
183,Sheikh,SHEIKH_LINES.first[0],"Welcome to my office. Come see the bookshelf after your first game, and ask me anything.",,,
184,Sheikh,SHEIKH_LINES.first[1],"Sit, sit. My door is open after every game. Bring questions, not only complaints.",,,
185,Sheikh,SHEIKH_LINES.win[0],"Good win, alhamdulillah. The real test is how you carry it.",,,
186,Sheikh,SHEIKH_LINES.win[1],Remember the brothers who rebounded and set screens. Nobody scores alone.,,,
187,Sheikh,SHEIKH_LINES.win[2],"A win is a blessing to be thankful for, not a reason to feel bigger than anyone.",,,
188,Sheikh,SHEIKH_LINES.win[3],You played with composure today. That’s worth more than the points.,,,
189,Sheikh,SHEIKH_LINES.win[4],"Say alhamdulillah, then go thank whoever set your screens.",,,
190,Sheikh,SHEIKH_LINES.win[5],Winning with good manners is winning twice.,,,
191,Sheikh,SHEIKH_LINES.loss[0],"A loss isn’t the end of the story. Sabr, then back to the gym.",,,
192,Sheikh,SHEIKH_LINES.loss[1],"We learn more from losses than wins, if we’re honest with ourselves.",,,
193,Sheikh,SHEIKH_LINES.loss[2],Allah doesn’t burden a soul beyond what it can bear (2:286). You can carry this one.,,,
194,Sheikh,SHEIKH_LINES.loss[3],"Losses show us what to practice. That’s a gift, even if it doesn’t feel like one.",,,
195,Sheikh,SHEIKH_LINES.loss[4],Did you give your best effort? Then the result is with Allah. The effort is what you control.,,,
196,Sheikh,SHEIKH_LINES.loss[5],"Shake it off, pray, sleep. Tomorrow we fix the details.",,,
197,Sheikh,SHEIKH_LINES.champ[0],"A trophy, alhamdulillah. Share the credit and keep the intention you started with.",,,
198,Sheikh,SHEIKH_LINES.champ[1],"Champions. Put the trophy on the shelf, and put the humility in your heart.",,,
199,Sheikh,SHEIKH_LINES.champ[2],"The Quran says if you are grateful, Allah will give you more (14:7). So let’s be grateful.",,,
200,Sheikh,SHEIKH_LINES.champ[3],"Enjoy this. Then remember that the next stage starts at zero, for everyone.",,,
201,Sheikh,SHEIKH_LINES.hot[0],"Three wins in a row, masha’Allah. Stay humble. Streaks end, character stays.",,,
202,Sheikh,SHEIKH_LINES.hot[1],You’re rolling. Keep praying on time and keep passing the ball. Don’t change what works.,,,
203,Sheikh,SHEIKH_LINES.hot[2],Winning streaks test the heart more than losing ones. Watch your intention.,,,
204,Sheikh,SHEIKH_LINES.cold[0],Two hard games. Lean on your brothers. The Quran promises that with hardship comes ease (94:5-6).,,,
205,Sheikh,SHEIKH_LINES.cold[1],"When things go badly, go back to the basics: defense, the extra pass, and your salah.",,,
206,Sheikh,SHEIKH_LINES.cold[2],Seek help through patience and prayer (2:45). That works on the court too.,,,
207,Sheikh,SHEIKH_LINES.rival[0],"Al-Burhan is next. Respect Jalal. Rivals push us to be better, and they’re still our brothers.",,,
208,Sheikh,SHEIKH_LINES.rival[1],"Against Al-Burhan, don’t play angry. Play smart and let your work speak.",,,
209,Sheikh,SHEIKH_LINES.rival[2],Jalal plays hard and plays fair. So will we.,,,
210,Sheikh,SHEIKH_LINES.rival[3],"Whatever happens against Al-Burhan, we pray Maghrib together afterward. That’s who we are.",,,
211,Sheikh,SHEIKH_LINES.rival[4],A rival is a mirror. He shows you what you still need to work on.,,,
212,Sheikh,SHEIKH_LINES.stage[0][0],The Metro League is where we build habits. Good habits now carry us far.,,,
213,Sheikh,SHEIKH_LINES.stage[0][1],"Small gyms, small crowds, big lessons. Take every game seriously.",,,
214,Sheikh,SHEIKH_LINES.stage[1][0],"State is a bigger stage. Same fundamentals, same intention.",,,
215,Sheikh,SHEIKH_LINES.stage[1][1],"New gyms, new faces. Be a good guest wherever we play.",,,
216,Sheikh,SHEIKH_LINES.stage[2][0],"Nationals. You represent a whole community now, not only yourself.",,,
217,Sheikh,SHEIKH_LINES.stage[2][1],"Big arenas, bright lights. The rim is still ten feet high.",,,
218,Sheikh,SHEIKH_LINES.stage[3][0],"The World Ummah Cup. Brothers from everywhere. Make friends, not only baskets.",,,
219,Sheikh,SHEIKH_LINES.stage[3][1],"Different languages, one qiblah. Remember that when the game gets heated.",,,
220,Sheikh,SHEIKH_LINES.salahGood[0],You’ve been answering the adhan. I can see it in how calm you are on the court.,,,
221,Sheikh,SHEIKH_LINES.salahGood[1],"Salah on time, game after game. Keep that. It’s worth more than any stat.",,,
222,Sheikh,SHEIKH_LINES.noSalah[0],"When the adhan comes, the court can wait fifteen minutes. Trust me.",,,
223,Sheikh,SHEIKH_LINES.noSalah[1],"Salah keeps us away from shameful and wrong deeds (29:45). It keeps a hothead calm, too.",,,
224,Sheikh,SHEIKH_LINES.drills[0],"Tariq says you’ve been in the gym a lot. Good. Consistency is a form of worship too, when the intention is right.",,,
225,Sheikh,SHEIKH_LINES.drills[1],Your free throws look smoother. That’s the practice paying off.,,,
226,Sheikh,SHEIKH_LINES.noDrills[0],The gym misses you. Even a few free throws between games keeps the touch.,,,
227,Sheikh,SHEIKH_LINES.noDrills[1],Games are the exam. Practice is the studying.,,,
228,Sheikh,SHEIKH_LINES.undefeated[0],"Undefeated, masha’Allah. Guard your heart from pride. It’s the one opponent that beats every champion.",,,
229,Sheikh,SHEIKH_LINES.undefeated[1],Keep winning like you’re still the underdog.,,,
230,Sheikh,SHEIKH_LINES.general[0],Release at the top of your jump. A calm shooter is a better shooter.,,,
231,Sheikh,SHEIKH_LINES.general[1],The extra pass is a gift. Give it freely and the open shot comes back to you.,,,
232,Sheikh,SHEIKH_LINES.general[2],"On defense, stay between your man and the rim. Make him take the hard shot.",,,
233,Sheikh,SHEIKH_LINES.general[3],"Box out first, then go get the ball. Position beats height.",,,
234,Sheikh,SHEIKH_LINES.general[4],"When a defender is in your face, move the ball. When you’re open, shoot with confidence.",,,
235,Sheikh,SHEIKH_LINES.general[5],"Free throws are won in practice, not in the game.",,,
236,Sheikh,SHEIKH_LINES.general[6],Don’t reach for steals all night. Good defense is mostly your feet.,,,
237,Sheikh,SHEIKH_LINES.general[7],"Sprinting is a tool, not a habit. Save your legs for the moments that matter.",,,
238,Sheikh,SHEIKH_LINES.general[8],Renew your intention before every game. The Prophet ﷺ taught that actions are judged by intentions.,,,
239,Sheikh,SHEIKH_LINES.general[9],Sabr isn’t only for hard days. It’s also staying steady when things go well.,,,
240,Sheikh,SHEIKH_LINES.general[10],Allah is with the patient. That’s in Surah Al-Baqarah (2:153).,,,
241,Sheikh,SHEIKH_LINES.general[11],"Humility after a win protects the heart. Thank Allah first, then your teammates.",,,
242,Sheikh,SHEIKH_LINES.general[12],"The believers are like one building, each part holding up the other. That’s a team.",,,
243,Sheikh,SHEIKH_LINES.general[13],Smile at your brother. The Prophet ﷺ taught that a smile is charity.,,,
244,Sheikh,SHEIKH_LINES.general[14],"Whatever happens on the court, don’t let it make you late for salah.",,,
245,Sheikh,SHEIKH_LINES.general[15],Be gentle with referees and opponents. Good character is heavy on the scale.,,,
246,Sheikh,SHEIKH_LINES.general[16],"The strong one isn’t the one who overpowers others, but the one who controls himself when angry.",,,
247,Sheikh,SHEIKH_LINES.general[17],"Say bismillah before you start and alhamdulillah when you finish, win or lose.",,,
248,Sheikh,SHEIKH_LINES.general[18],Talk on defense. A quiet team gets beat by screens.,,,
249,Sheikh,SHEIKH_LINES.general[19],"If you miss, sprint back. The next play is the only one you can change.",,,
250,Sheikh,SHEIKH_LINES.general[20],"Rest, eat well, and sleep. Your body is an amanah, a trust.",,,
251,Sheikh,SHEIKH_LINES.general[21],"A crossover works best when the defender is leaning. Read his hips, not his hands.",,,
252,Sheikh,SHEIKH_LINES.general[22],"Pump fake once. If he flies by, take one dribble and shoot. Twice is showing off.",,,
253,Sheikh,SHEIKH_LINES.general[23],"Close out with short, choppy steps. Run at a shooter and he’ll drive right past you.",,,
254,Sheikh,SHEIKH_LINES.general[24],The best shot is the one your teammate is open for.,,,
255,Sheikh,SHEIKH_LINES.general[25],"When you’re tired, your shot gets short. Legs first, then arms.",,,
256,Sheikh,SHEIKH_LINES.general[26],A shove might feel good for a second. The foul costs the team for the rest of the game.,,,
257,Sheikh,SHEIKH_LINES.general[27],Take the charge. Standing still in the right spot is a skill.,,,
258,Sheikh,SHEIKH_LINES.general[28],Watch the game when you’re not in the play. The next pass is already telling you where it’s going.,,,
259,Sheikh,SHEIKH_LINES.general[29],"A dunk counts two, the same as a layup. Pick the one that goes in.",,,
260,Sheikh,SHEIKH_LINES.general[30],Good teams make the easy play over and over. Great teams do it when they’re tired.,,,
261,Sheikh,SHEIKH_LINES.general[31],"Protect the ball like it’s an amanah. Because right now, it is.",,,
262,Sheikh,SHEIKH_LINES.general[32],"Late in close games, slow down. Rushing is how good teams lose.",,,
263,Sheikh,SHEIKH_LINES.general[33],"Find your rhythm in the first minutes with an easy shot. Confidence is built, not found.",,,
264,Sheikh,SHEIKH_LINES.general[34],Don’t watch your shot. Follow it. Rebounds come to the brother who expects a miss.,,,
265,Sheikh,SHEIKH_LINES.general[35],Stamina is built in the off days. The last minute belongs to whoever trained for it.,,,
266,Sheikh,SHEIKH_LINES.general[36],Know your teammate’s favorite spot and get him the ball there.,,,
267,Sheikh,SHEIKH_LINES.general[37],A good screen is an act of service. You get hit so your brother can get free.,,,
268,Sheikh,SHEIKH_LINES.general[38],"When the defense collapses on you, the open man is behind them. Look for him.",,,
269,Sheikh,SHEIKH_LINES.general[39],"Hot hand? Keep shooting good shots, not just any shots.",,,
270,Sheikh,SHEIKH_LINES.general[40],"The shot clock is a friend. Use it, don’t panic because of it.",,,
271,Sheikh,SHEIKH_LINES.general[41],Defense starts with your eyes. See your man and the ball at the same time.,,,
272,Sheikh,SHEIKH_LINES.general[42],"After a timeout, the first possession matters. Make it a clean one.",,,
273,Sheikh,SHEIKH_LINES.general[43],Talk to your teammate after a mistake. One word: “next.”,,,
274,Sheikh,SHEIKH_LINES.general[44],Fundamentals don’t go out of style. Neither does footwork.,,,
275,Sheikh,SHEIKH_LINES.general[45],The Prophet ﷺ said none of you truly believes until he loves for his brother what he loves for himself.,,,
276,Sheikh,SHEIKH_LINES.general[46],"The deeds most beloved to Allah are the consistent ones, even if they are small. Like ten free throws every day.",,,
277,Sheikh,SHEIKH_LINES.general[47],"Tie your camel, then trust in Allah. Practice hard, then make du’a.",,,
278,Sheikh,SHEIKH_LINES.general[48],Whoever doesn’t thank people hasn’t thanked Allah. Thank the uncles who stack the chairs.,,,
279,Sheikh,SHEIKH_LINES.general[49],Allah doesn’t change the condition of a people until they change what is in themselves (13:11).,,,
280,Sheikh,SHEIKH_LINES.general[50],A person gets nothing but what he strives for (53:39). So strive.,,,
281,Sheikh,SHEIKH_LINES.general[51],"Hold firmly to the rope of Allah together, and don’t split apart (3:103). A team is the same.",,,
282,Sheikh,SHEIKH_LINES.general[52],Help one another in goodness and taqwa (5:2). Rebounding counts.,,,
283,Sheikh,SHEIKH_LINES.general[53],"Allah loves those who put their trust in Him (3:159). Do your part, then let go of the worry.",,,
284,Sheikh,SHEIKH_LINES.general[54],"The Prophet ﷺ taught that whoever humbles himself for Allah, Allah raises him.",,,
285,Sheikh,SHEIKH_LINES.general[55],The best of you are those with the best character. Not the best jump shot.,,,
286,Sheikh,SHEIKH_LINES.general[56],"The strong believer is better and more beloved to Allah than the weak one, and there is good in both. Train your body and your heart.",,,
287,Sheikh,SHEIKH_LINES.general[57],Someone asked the Prophet ﷺ for advice and he said: don’t get angry. He repeated it. So should we.,,,
288,Sheikh,SHEIKH_LINES.general[58],The first thing we’ll be asked about on the Day of Judgment is our salah. Guard it.,,,
289,Sheikh,SHEIKH_LINES.general[59],The believers are brothers (49:10). That includes the other team.,,,
290,Sheikh,SHEIKH_LINES.general[60],Don’t walk the earth with arrogance (17:37). Or the court.,,,
291,Sheikh,SHEIKH_LINES.general[61],Those who show mercy are shown mercy by the Most Merciful. Help the other team up when they fall.,,,
292,Sheikh,SHEIKH_LINES.general[62],"Make things easy for people, not hard. That goes for teammates too.",,,
293,Sheikh,SHEIKH_LINES.general[63],A good word is charity. Say one to someone who had a bad game.,,,
294,Sheikh,SHEIKH_LINES.general[64],Speak good or stay quiet. That rule would fix half the arguments in pickup basketball.,,,
295,Sheikh,SHEIKH_LINES.general[65],"Intention turns ordinary things into worship. Even practice, if you do it to be strong for good things.",,,
296,Sheikh,SHEIKH_LINES.general[66],"Du’a is the weapon of the believer. Make it before games, and for your opponents too.",,,
297,Sheikh,SHEIKH_LINES.general[67],"Gratitude in good times, patience in hard times. The believer wins either way.",,,
298,Sheikh,SHEIKH_LINES.general[68],Knowledge is light. Keep visiting the bookshelf.,,,
299,Sheikh,SHEIKH_LINES.general[69],The masjid isn’t the building. It’s the people who fill it five times a day.,,,
300,Sheikh,SHEIKH_LINES.general[70],"Honor your parents. Call them after the game, win or lose.",,,
301,Sheikh,SHEIKH_LINES.general[71],"Keep your promises, even small ones. Showing up to practice on time is a promise.",,,
302,Sheikh,SHEIKH_LINES.general[72],"Envy eats good deeds. If a brother plays well, make du’a for him.",,,
303,Sheikh,SHEIKH_LINES.general[73],"Reflect on the Quran, even one ayah a day. Small and steady.",,,
304,Sheikh,SHEIKH_LINES.general[74],Take care of your health before sickness and your free time before you get busy. The Prophet ﷺ taught us to value both.,,,
305,Sheikh,SHEIKH_LINES.general[75],"If you slip, turn back to Allah. He loves those who return to Him.",,,
306,Sheikh,SHEIKH_LINES.general[76],"Visit the sick, feed the hungry, greet everyone with salam. Those are the real highlights.",,,
307,Sheikh,SHEIKH_TALKS[0].choices[0][0],Honestly? I get caught up in the drills.,,,
308,Sheikh,SHEIKH_TALKS[0].choices[0][1][0],"That’s honest, and honesty is where change starts. The drills will still be there in fifteen minutes.",,,
309,Sheikh,SHEIKH_TALKS[0].choices[0][1][1],"Salah is the first thing we’ll be asked about. Next adhan, put the ball down first and think second. Walk in with me.",,,
310,Sheikh,SHEIKH_TALKS[0].choices[1][0],"I’ll just pray later, after practice.",,,
311,Sheikh,SHEIKH_TALKS[0].choices[1][1][0],"Praying on time is best, and “later” has a way of becoming a habit.",,,
312,Sheikh,SHEIKH_TALKS[0].choices[1][1][1],"Try it once: answer the adhan right away. You’ll come back calmer, your legs will feel it in the next game, and your heart will feel it longer.",,,
313,Sheikh,SHEIKH_TALKS[1].choices[0][0],Frustrated. We practice hard and still lose.,,,
314,Sheikh,SHEIKH_TALKS[1].choices[0][1][0],That frustration means you care. Good. Don’t let it turn into blame.,,,
315,Sheikh,SHEIKH_TALKS[1].choices[0][1][1],"With hardship comes ease (94:5-6). Allah said it twice in a row, so we don’t forget it. Let’s look at the details: free throws, box-outs, turnovers.",,,
316,Sheikh,SHEIKH_TALKS[1].choices[1][0],Maybe I’m just not good enough.,,,
317,Sheikh,SHEIKH_TALKS[1].choices[1][1][0],"Stop there. You’re a brother who shows up, works and plays with adab. That’s already a lot.",,,
318,Sheikh,SHEIKH_TALKS[1].choices[1][1][1],"Skill grows with patience. Ask Tariq for your numbers, pick one thing, and fix only that this week. Small and consistent.",,,
319,Sheikh,SHEIKH_TALKS[2].choices[0][0],"Honestly, it feels great. I think we’re unstoppable.",,,
320,Sheikh,SHEIKH_TALKS[2].choices[0][1][0],"Enjoy it, and be careful with that word. Only Allah is unstoppable.",,,
321,Sheikh,SHEIKH_TALKS[2].choices[0][1][1],"Pride is the one opponent that beats every champion. Keep thanking Allah, keep passing the ball, and keep stacking chairs after games.",,,
322,Sheikh,SHEIKH_TALKS[2].choices[1][0],I’m worried the streak will end.,,,
323,Sheikh,SHEIKH_TALKS[2].choices[1][1][0],"It will end one day. Every streak does. That’s not a reason to fear, it’s a reason to enjoy each game.",,,
324,Sheikh,SHEIKH_TALKS[2].choices[1][1][1],"Focus on the next possession, not the streak. Tie your camel, then trust Allah.",,,
325,Sheikh,SHEIKH_TALKS[3].choices[0][0],I figured the games were enough practice.,,,
326,Sheikh,SHEIKH_TALKS[3].choices[0][1][0],Games show you what you need. Practice is where you fix it.,,,
327,Sheikh,SHEIKH_TALKS[3].choices[0][1][1],"The deeds most beloved to Allah are the consistent ones, even if small. Ten free throws a day. That’s all I ask. And the drills pay Barakah Points.",,,
328,Sheikh,SHEIKH_TALKS[3].choices[1][0],"Life has been busy, to be honest.",,,
329,Sheikh,SHEIKH_TALKS[3].choices[1][1][0],That’s understandable. Take care of your family and your duties first.,,,
330,Sheikh,SHEIKH_TALKS[3].choices[1][1][1],"When you have fifteen minutes, come shoot. Consistency beats cramming, on the court and with the Quran.",,,
331,Characters and teams,CAST.saleem.name,Sh. Saleem,,,
332,Characters and teams,CAST.mahmoud.name,Uncle Mahmoud,,,
333,Characters and teams,CAST.rafiq.name,Uncle Rafiq,,,
334,Characters and teams,CAST.siddiq.name,Uncle Siddiq,,,
335,Characters and teams,CAST.hamid.name,Sh. Hamid,,,
336,Characters and teams,TEAMS[0].name,Masjid Al-Noor,,,
337,Characters and teams,TEAMS[0].short,NOOR,,,
338,Characters and teams,TEAMS[0].players[0].name,Sh. Kareem,,,
339,Characters and teams,TEAMS[1].name,Masjid At-Taqwa,,,
340,Characters and teams,TEAMS[1].short,TAQWA,,,
341,Characters and teams,TEAMS[1].players[0].name,Sh. Rashid,,,
342,Characters and teams,TEAMS[2].name,Masjid Ar-Rahmah,,,
343,Characters and teams,TEAMS[2].short,RAHMAH,,,
344,Characters and teams,TEAMS[2].players[0].name,Sh. Nabil,,,
345,Characters and teams,TEAMS[3].name,Masjid As-Salam,,,
346,Characters and teams,TEAMS[3].short,SALAM,,,
347,Characters and teams,TEAMS[3].players[0].name,Sh. Jamal,,,
348,Characters and teams,TEAMS[4].name,Masjid Al-Huda,,,
349,Characters and teams,TEAMS[4].short,HUDA,,,
350,Characters and teams,TEAMS[4].players[0].name,Sh. Mansour,,,
351,Characters and teams,TEAMS[5].name,Masjid Al-Falah,,,
352,Characters and teams,TEAMS[5].short,FALAH,,,
353,Characters and teams,TEAMS[5].players[0].name,Sh. Waleed,,,
354,Characters and teams,TEAMS[6].name,Masjid Al-Ihsan,,,
355,Characters and teams,TEAMS[6].short,IHSAN,,,
356,Characters and teams,TEAMS[6].players[0].name,Sh. Hassan,,,
357,Characters and teams,TEAMS[7].name,Masjid Al-Furqan,,,
358,Characters and teams,TEAMS[7].short,FURQAN,,,
359,Characters and teams,TEAMS[7].players[0].name,Sh. Adnan,,,
360,Characters and teams,ARCH_NOTE.sharpshooter,A pure shooter. Run him off the line.,,,
361,Characters and teams,ARCH_NOTE.rimrunner,Attacks the rim every chance he gets. Keep a body on him.,,,
362,Characters and teams,ARCH_NOTE.lockdown,"A lockdown defender. Don’t force it at him, move the ball.",,,
363,Characters and teams,ARCH_NOTE.playmaker,The playmaker. Pressure the ball and watch the passing lanes.,,,
364,Characters and teams,ARCH_NOTE.glue,"Does a little of everything. Box him out, he lives on hustle plays.",,,
365,Characters and teams,STAGES[0].title,Metro Masjid League,,,
366,Characters and teams,STAGES[1].title,State Masjid Championship,,,
367,Characters and teams,STAGES[2].title,National Masjid Invitational,,,
368,Characters and teams,STAGES[3].title,World Ummah Cup,,,
369,Characters and teams,CHEM_TIERS[0][1],New partnership,,,
370,Characters and teams,CHEM_TIERS[1][1],In sync: quicker passes,,,
371,Characters and teams,CHEM_TIERS[2][1],Trusted: passes are harder to pick off,,,
372,Characters and teams,CHEM_TIERS[3][1],Brothers: his screens hit harder,,,
373,Characters and teams,CHEM_TIERS[4][1],Like brothers: everything clicks,,,
374,Characters and teams,LOOK_TXT.cap[2],Crochet kufi,,,
375,Characters and teams,LOOK_TXT.cap[5],Embroidered kufi,,,
376,Characters and teams,LOOK_TXT.cap[6],Striped kufi,,,
377,Characters and teams,LOOK_TXT.thobeLen[2],"Ankle, trimmed",,,
378,Characters and teams,LOOK_TXT.thobeLen[3],"Mid-calf, trimmed",,,
379,Characters and teams,PLAY_STYLE_TXT[3],Rim Runner,,,
380,Characters and teams,PLAY_STYLE_TXT[5],Glue Guy,,,
381,Characters and teams,SCOUT_TIPS.sht[0],They shoot it well. Close out hard and make them put it on the floor.,,,
382,Characters and teams,SCOUT_TIPS.sht[1],Their shooters heat up fast. Nobody gets an open three.,,,
383,Characters and teams,SCOUT_TIPS.dnk[0],"They live at the rim. Wall up, time your jumps, don’t swipe.",,,
384,Characters and teams,SCOUT_TIPS.dnk[1],Keep them out of the paint and make them settle for jumpers.,,,
385,Characters and teams,SCOUT_TIPS.spd[0],They’re quick in transition. Sprint back after every shot.,,,
386,Characters and teams,SCOUT_TIPS.spd[1],"Fast team. Take care of the ball, they turn steals into layups.",,,
387,Characters and teams,SCOUT_TIPS.def[0],Their defense is tough. Move the ball and make the extra pass.,,,
388,Characters and teams,SCOUT_TIPS.def[1],They contest everything. Use a pump fake or the crossover to get space.,,,
389,Characters and teams,SCOUT_TIPS.stl[0],Active hands. Protect your dribble and skip the lazy passes.,,,
390,Characters and teams,SCOUT_TIPS.stl[1],"They jump passing lanes. Pass away from the defender, and pass early.",,,
391,Barakah Run power-ups,RUN_POWERS[0].name,Quiet Focus,,,
392,Barakah Run power-ups,RUN_POWERS[0].desc,Green window +8% per rank (max +24%).,,,
393,Barakah Run power-ups,RUN_POWERS[1].name,Second Wind,,,
394,Barakah Run power-ups,RUN_POWERS[1].desc,Recover 3 more turbo per second while resting.,,,
395,Barakah Run power-ups,RUN_POWERS[2].name,Steady Legs,,,
396,Barakah Run power-ups,RUN_POWERS[2].desc,Your stamina +1 per rank; stat cap 10.,,,
397,Barakah Run power-ups,RUN_POWERS[3].name,First Step,,,
398,Barakah Run power-ups,RUN_POWERS[3].desc,Your speed rating +0.5 per rank; cap 10.,,,
399,Barakah Run power-ups,RUN_POWERS[4].name,Every Loose Ball,,,
400,Barakah Run power-ups,RUN_POWERS[4].desc,Your hustle +1 per rank; stat cap 10.,,,
401,Barakah Run power-ups,RUN_POWERS[5].name,Give and Go,,,
402,Barakah Run power-ups,RUN_POWERS[5].desc,Your passing +1 per rank; stat cap 10.,,,
403,Barakah Run power-ups,RUN_POWERS[6].name,Hands Up,,,
404,Barakah Run power-ups,RUN_POWERS[6].desc,Your defense +1 per rank; stat cap 10.,,,
405,Barakah Run power-ups,RUN_POWERS[7].name,Read the Lane,,,
406,Barakah Run power-ups,RUN_POWERS[7].desc,Your steal rating +1 per rank; stat cap 10.,,,
407,Barakah Run power-ups,RUN_POWERS[8].name,Strong Finish,,,
408,Barakah Run power-ups,RUN_POWERS[8].desc,Your dunk rating +1 per rank; stat cap 10.,,,
409,Barakah Run power-ups,RUN_POWERS[9].desc,Your clutch rating +1 per rank; stat cap 10.,,,
410,Barakah Run power-ups,RUN_POWERS[10].name,Trust Your Brother,,,
411,Barakah Run power-ups,RUN_POWERS[10].desc,Teammate shooting +1 per rank; stat cap 10.,,,
412,Barakah Run power-ups,RUN_POWERS[11].name,Run Together,,,
413,Barakah Run power-ups,RUN_POWERS[11].desc,Teammate speed +0.5 per rank; stat cap 10.,,,
414,Barakah Run power-ups,RUN_POWERS[12].name,Cover My Back,,,
415,Barakah Run power-ups,RUN_POWERS[12].desc,Teammate defense +1 per rank; stat cap 10.,,,
416,Barakah Run power-ups,RUN_POWERS[13].name,Keep It Warm,,,
417,Barakah Run power-ups,RUN_POWERS[13].desc,Earned on-fire time drains 15% slower per rank.,,,
418,Barakah Run power-ups,RUN_POWERS[14].name,Practice Pays,,,
419,Barakah Run power-ups,RUN_POWERS[14].desc,Signature cooldown recovers 15% faster per rank.,,,
420,Barakah Run power-ups,RUN_POWERS[15].name,Pure Reward,,,
421,Barakah Run power-ups,RUN_POWERS[15].desc,A made green jumper earns one extra point.,,,
422,Barakah Run power-ups,RUN_POWERS[16].name,Set the Pace,,,
423,Barakah Run power-ups,RUN_POWERS[16].desc,CPU shot clock is 2 seconds shorter per rank (min 12).,,,
424,Barakah Run power-ups,RUN_POWERS[17].name,One More Chance,,,
425,Barakah Run power-ups,RUN_POWERS[17].desc,Cancel the next CPU field goal. Once per run.,,,
426,Barakah Run power-ups,RUN_BADGES[0].name,No badge,,,
427,Barakah Run power-ups,RUN_BADGES[0].desc,Keep your card simple.,,,
428,Barakah Run power-ups,RUN_BADGES[1].name,Steady Heart,,,
429,Barakah Run power-ups,RUN_BADGES[1].desc,Win 3 games in one Barakah Run.,,,
430,Barakah Run power-ups,RUN_BADGES[2].name,Long Journey,,,
431,Barakah Run power-ups,RUN_BADGES[2].desc,Win 6 games in one Barakah Run.,,,
432,Barakah Run power-ups,RUN_BADGES[3].name,Weekly Regular,,,
433,Barakah Run power-ups,RUN_BADGES[3].desc,Complete a Weekly Hot Spot Challenge.,,,
434,Barakah Run power-ups,RUN_HOME[0],Begin run,,,
435,Barakah Run power-ups,RUN_HOME[1],Duo run: two players here,,,
436,Barakah Run power-ups,RUN_HOME[2],Duo run online: host a friend,,,
437,Barakah Run power-ups,RUN_HOME[3],Weekly Hot Spot Challenge,,,
438,Barakah Run power-ups,RUN_HOME[4],Player-card badges,,,
439,Achievements,ACHIEVEMENTS[0].desc,Win your first game,,,
440,Achievements,ACHIEVEMENTS[1].desc,Win 10 games,,,
441,Achievements,ACHIEVEMENTS[2].name,Statement Game,,,
442,Achievements,ACHIEVEMENTS[2].desc,Win by 15 or more,,,
443,Achievements,ACHIEVEMENTS[3].name,Sabr Pays Off,,,
444,Achievements,ACHIEVEMENTS[3].desc,Win after trailing by 8 or more,,,
445,Achievements,ACHIEVEMENTS[4].desc,Hit your first green release,,,
446,Achievements,ACHIEVEMENTS[5].name,Green Machine,,,
447,Achievements,ACHIEVEMENTS[5].desc,Hit 25 green releases,,,
448,Achievements,ACHIEVEMENTS[6].name,Wet All Night,,,
449,Achievements,ACHIEVEMENTS[6].desc,Hit 5 green releases in one game,,,
450,Achievements,ACHIEVEMENTS[7].name,From Downtown,,,
451,Achievements,ACHIEVEMENTS[7].desc,Make a three-pointer,,,
452,Achievements,ACHIEVEMENTS[8].desc,Dunk it,,,
453,Achievements,ACHIEVEMENTS[9].name,Rim Protector’s Nightmare,,,
454,Achievements,ACHIEVEMENTS[9].desc,Dunk 25 times,,,
455,Achievements,ACHIEVEMENTS[10].desc,Dunk right over a defender,,,
456,Achievements,ACHIEVEMENTS[11].name,At the Horn,,,
457,Achievements,ACHIEVEMENTS[11].desc,Hit a buzzer beater,,,
458,Achievements,ACHIEVEMENTS[12].name,Heat Check,,,
459,Achievements,ACHIEVEMENTS[12].desc,Make 5 shots in a row,,,
460,Achievements,ACHIEVEMENTS[13].name,He’s On Fire,,,
461,Achievements,ACHIEVEMENTS[13].desc,Catch fire,,,
462,Achievements,ACHIEVEMENTS[14].name,Not In Here,,,
463,Achievements,ACHIEVEMENTS[14].desc,Block 3 shots in one game,,,
464,Achievements,ACHIEVEMENTS[15].name,Quick Hands,,,
465,Achievements,ACHIEVEMENTS[15].desc,Get a steal,,,
466,Achievements,ACHIEVEMENTS[16].name,Crossed Up,,,
467,Achievements,ACHIEVEMENTS[16].desc,Wrong-foot a defender with a crossover,,,
468,Achievements,ACHIEVEMENTS[17].name,Take the Charge,,,
469,Achievements,ACHIEVEMENTS[17].desc,Draw an offensive foul,,,
470,Achievements,ACHIEVEMENTS[18].name,Money at the Line,,,
471,Achievements,ACHIEVEMENTS[18].desc,Make 20 free throws,,,
472,Achievements,ACHIEVEMENTS[19].desc,Earn a Noor boost,,,
473,Achievements,ACHIEVEMENTS[20].name,Light Upon Light,,,
474,Achievements,ACHIEVEMENTS[20].desc,Earn 10 Noor boosts,,,
475,Achievements,ACHIEVEMENTS[21].name,Answered the Call,,,
476,Achievements,ACHIEVEMENTS[21].desc,Play a career game with the salah bonus,,,
477,Achievements,ACHIEVEMENTS[22].name,"On Time, Every Time",,,
478,Achievements,ACHIEVEMENTS[22].desc,Play 10 career games with the salah bonus,,,
479,Achievements,ACHIEVEMENTS[23].name,Going State,,,
480,Achievements,ACHIEVEMENTS[23].desc,Reach the State stage in career,,,
481,Achievements,ACHIEVEMENTS[24].desc,Reach the National stage in career,,,
482,Achievements,ACHIEVEMENTS[25].name,The Whole Ummah,,,
483,Achievements,ACHIEVEMENTS[25].desc,Reach the World stage in career,,,
484,Achievements,ACHIEVEMENTS[26].name,World Ummah Cup,,,
485,Achievements,ACHIEVEMENTS[26].desc,Win the World Ummah Cup,,,
486,Achievements,ACHIEVEMENTS[27].name,H-O-R-S-E,,,
487,Achievements,ACHIEVEMENTS[27].desc,Win a game of HORSE,,,
488,Achievements,ACHIEVEMENTS[28].name,Not a Letter,,,
489,Achievements,ACHIEVEMENTS[28].desc,Win HORSE without taking a letter,,,
490,Achievements,ACHIEVEMENTS[29].name,Last One Standing,,,
491,Achievements,ACHIEVEMENTS[29].desc,Win Lightning,,,
492,Achievements,ACHIEVEMENTS[30].name,Daily Visitor,,,
493,Achievements,ACHIEVEMENTS[30].desc,Complete a Daily Hot Spot Challenge,,,
494,Achievements,ACHIEVEMENTS[31].desc,Win an online game,,,
495,Achievements,ACHIEVEMENTS[32].desc,Play at 8 different venues,,,
496,Achievements,ACHIEVEMENTS[33].name,Student of Knowledge,,,
497,Achievements,ACHIEVEMENTS[33].desc,Learn 10 answers from the sheikh’s bookshelf,,,
498,Achievements,ACHIEVEMENTS[34].name,Good Company,,,
499,Achievements,ACHIEVEMENTS[34].desc,Talk with everyone in the musalla,,,
500,Achievements,ACHIEVEMENTS[35].name,Just Like 1987,,,
501,Achievements,ACHIEVEMENTS[35].desc,Play a game in Uncle Mode,,,
502,Achievements,ACHIEVEMENTS[36].name,Secret Handshake,,,
503,Achievements,ACHIEVEMENTS[36].desc,Enter an unlock code,,,
504,Achievements,ACHIEVEMENTS[37].name,Hung Up,,,
505,Achievements,ACHIEVEMENTS[37].desc,Dunk so hard the net catches on the rim,,,
506,Achievements,ACHIEVEMENTS[38].name,Pinned On The Glass,,,
507,Achievements,ACHIEVEMENTS[38].desc,Chase-down block that pins it on the backboard,,,
508,Achievements,ACHIEVEMENTS[39].name,And One,,,
509,Achievements,ACHIEVEMENTS[39].desc,Score through contact for an and-one,,,
510,Achievements,ACHIEVEMENTS[40].name,Handle Like Water,,,
511,Achievements,ACHIEVEMENTS[40].desc,Chain three dribble moves together,,,
512,Achievements,ACHIEVEMENTS[41].name,Clutch on Demand,,,
513,Achievements,ACHIEVEMENTS[41].desc,Complete a Daily Scenario,,,
514,Achievements,ACHIEVEMENTS[42].name,Run It Back,,,
515,Achievements,ACHIEVEMENTS[42].desc,Start a second career season,,,
516,Achievements,ACHIEVEMENTS[43].name,Like Brothers,,,
517,Achievements,ACHIEVEMENTS[43].desc,Max out chemistry with a partner,,,
518,Achievements,ACHIEVEMENTS[44].name,First Step,,,
519,Achievements,ACHIEVEMENTS[44].desc,Win a game in Barakah Run,,,
520,Achievements,ACHIEVEMENTS[45].name,Steady Heart,,,
521,Achievements,ACHIEVEMENTS[45].desc,Win 3 games in one Barakah Run,,,
522,Achievements,ACHIEVEMENTS[46].name,Long Journey,,,
523,Achievements,ACHIEVEMENTS[46].desc,Win 6 games in one Barakah Run,,,
524,Achievements,ACHIEVEMENTS[47].name,Better Together,,,
525,Achievements,ACHIEVEMENTS[47].desc,Combine 3 different run upgrades,,,
526,Achievements,ACHIEVEMENTS[48].name,Pure Focus,,,
527,Achievements,ACHIEVEMENTS[48].desc,Combine Quiet Focus with Pure Reward,,,
528,Achievements,ACHIEVEMENTS[49].name,Weekly Regular,,,
529,Achievements,ACHIEVEMENTS[49].desc,Complete the Weekly Hot Spot Challenge,,,
530,Unlocks and fun modes,FUN_MODES[0].name,Big Head mode,,,
531,Unlocks and fun modes,FUN_MODES[0].how,"Win 3 games in one Barakah Run, or enter J J J L L on team select",,,
532,Unlocks and fun modes,FUN_MODES[1].name,Uncle Mode,,,
533,Unlocks and fun modes,FUN_MODES[1].how,"Win any career trophy, or enter L J L J L on team select",,,
534,Unlocks and fun modes,FUN_MODES[2].name,Low Gravity,,,
535,Unlocks and fun modes,FUN_MODES[2].how,"Win 6 games in one Barakah Run or a National trophy in career, or enter J L L L J on team select",,,
536,Unlocks and fun modes,PROJECTS.masjid[0].tiers[0][0],New carpet,,,
537,Unlocks and fun modes,PROJECTS.masjid[0].tiers[0][2],Fresh green carpet with straight saff lines. No more guessing where the row is.,,,
538,Unlocks and fun modes,PROJECTS.masjid[0].tiers[1][0],Premium carpet,,,
539,Unlocks and fun modes,PROJECTS.masjid[0].tiers[1][2],Deep red carpet woven with a prayer arch for every place in the row.,,,
540,Unlocks and fun modes,PROJECTS.masjid[1].tiers[0][0],Expand the musalla,,,
541,Unlocks and fun modes,PROJECTS.masjid[1].tiers[0][2],Open up the old storage room. More rows for Jumu’ah and more families visiting.,,,
542,Unlocks and fun modes,PROJECTS.masjid[1].tiers[1][0],Grand musalla,,,
543,Unlocks and fun modes,PROJECTS.masjid[1].tiers[1][2],"A high ceiling, columns, and room for the whole community on Eid.",,,
544,Unlocks and fun modes,PROJECTS.masjid[2].tiers[0][2],A brass chandelier to replace the office lights.,,,
545,Unlocks and fun modes,PROJECTS.masjid[2].tiers[1][0],Crystal chandeliers,,,
546,Unlocks and fun modes,PROJECTS.masjid[2].tiers[1][2],Three crystal chandeliers that glow through the windows at night.,,,
547,Unlocks and fun modes,PROJECTS.masjid[3].tiers[0][0],Tiled mihrab,,,
548,Unlocks and fun modes,PROJECTS.masjid[3].tiers[0][2],A tiled mihrab niche facing the qiblah.,,,
549,Unlocks and fun modes,PROJECTS.masjid[3].tiers[1][0],Carved minbar,,,
550,Unlocks and fun modes,PROJECTS.masjid[3].tiers[1][2],A carved wooden minbar for the Jumu’ah khutbah.,,,
551,Unlocks and fun modes,PROJECTS.masjid[4].tiers[0][0],Calligraphy panels,,,
552,Unlocks and fun modes,PROJECTS.masjid[4].tiers[0][2],Two calligraphy panels beside the mihrab.,,,
553,Unlocks and fun modes,PROJECTS.masjid[4].tiers[1][0],Calligraphy frieze,,,
554,Unlocks and fun modes,PROJECTS.masjid[4].tiers[1][2],A frieze across the qiblah wall and the outside of the masjid.,,,
555,Unlocks and fun modes,PROJECTS.masjid[5].tiers[0][2],A green and gold dome over the musalla.,,,
556,Unlocks and fun modes,PROJECTS.masjid[6].tiers[0][2],A minaret the neighborhood can see from the main road.,,,
557,Unlocks and fun modes,PROJECTS.masjid[7].tiers[0][0],Trees and garden,,,
558,Unlocks and fun modes,PROJECTS.masjid[7].tiers[0][2],"Trees, hedges and flower beds where there used to be patchy grass.",,,
559,Unlocks and fun modes,PROJECTS.masjid[7].tiers[1][0],Fountain courtyard,,,
560,Unlocks and fun modes,PROJECTS.masjid[7].tiers[1][2],A courtyard with a fountain where families gather after salah.,,,
561,Unlocks and fun modes,PROJECTS.masjid[8].tiers[0][0],Paved lot,,,
562,Unlocks and fun modes,PROJECTS.masjid[8].tiers[0][2],Paved and striped. The uncles finally stop double parking.,,,
563,Unlocks and fun modes,PROJECTS.masjid[8].tiers[1][0],Expanded lot,,,
564,Unlocks and fun modes,PROJECTS.masjid[8].tiers[1][2],A second lot for Jumu’ah and Eid crowds.,,,
565,Unlocks and fun modes,PROJECTS.gym[0].tiers[0][0],New hoop and net,,,
566,Unlocks and fun modes,PROJECTS.gym[0].tiers[0][2],"Glass backboard and a fresh net. The left rim stays bent, for history.",,,
567,Unlocks and fun modes,PROJECTS.gym[1].tiers[0][0],Refinished floor,,,
568,Unlocks and fun modes,PROJECTS.gym[1].tiers[0][2],"Sanded and sealed, clean lines, and the Al-Amanah logo at center court.",,,
569,Unlocks and fun modes,PROJECTS.gym[2].tiers[0][2],"Bright, steady panels. No more flickering tube over the free throw line.",,,
570,Unlocks and fun modes,PROJECTS.gym[3].tiers[0][2],Seats so the community can watch practice.,,,
571,Unlocks and fun modes,PROJECTS.gym[4].tiers[0][2],A real scoreboard for practice games.,,,
572,Unlocks and fun modes,PROJECTS.gym[5].tiers[0][0],Trophy case,,,
573,Unlocks and fun modes,PROJECTS.gym[5].tiers[0][2],A glass case that shows every tournament you win.,,,
574,Unlocks and fun modes,PROJECTS.gym[6].tiers[0][0],Water fountain,,,
575,Unlocks and fun modes,PROJECTS.gym[6].tiers[0][2],Cold water between drills.,,,
576,Unlocks and fun modes,SCEN_TWISTS[0].t,Win the game,,,
577,Unlocks and fun modes,SCEN_TWISTS[1].t,"Win, and hit at least one three",,,
578,Unlocks and fun modes,SCEN_TWISTS[2].t,Win without a shove or a hard foul,,,
579,Unlocks and fun modes,SCEN_TWISTS[3].t,Win by 3 or more,,,
580,Unlocks and fun modes,SCEN_TWISTS[4].t,"Win, and throw one down",,,
581,Unlocks and fun modes,SCEN_TWISTS[5].t,"Win, with at least one assist from you",,,
582,Unlocks and fun modes,SCEN_TWISTS[6].t,"Get a stop first, then win",,,
583,On-screen reactions (callouts),CALLS.layup[0] — SMOOTH!,,,,
584,On-screen reactions (callouts),CALLS.layup[1][0],EASY TWO,,,
585,On-screen reactions (callouts),CALLS.layup[2][0],SOFT TOUCH,,,
586,On-screen reactions (callouts),CALLS.mid[1][0],PULL-UP J,,,
587,On-screen reactions (callouts),CALLS.mid[2][0],NOTHING BUT NET!,,,
588,On-screen reactions (callouts),CALLS.mid[3][0],MONEY MID-RANGE,,,
589,On-screen reactions (callouts),CALLS.three[0] — MASHA’ALLAH!,FROM DOWNTOWN!,,,
590,On-screen reactions (callouts),CALLS.three[1] — TABARAKALLAH!,SPLASH FROM DEEP,,,
591,On-screen reactions (callouts),CALLS.three[2][0],FROM THE CORNER!,,,
592,On-screen reactions (callouts),CALLS.three[3][0],THREE BALL!,,,
593,On-screen reactions (callouts),CALLS.deep[0][0],FROM WAY DOWNTOWN!,,,
594,On-screen reactions (callouts),CALLS.deep[0][1],MASHA’ALLAH,,,
595,On-screen reactions (callouts),CALLS.deep[1][0],LOGO RANGE!,,,
596,On-screen reactions (callouts),CALLS.deep[1][1],TABARAKALLAH,,,
597,On-screen reactions (callouts),CALLS.dunk[0] — MASHA’ALLAH!,SLAM DUNK,,,
598,On-screen reactions (callouts),CALLS.dunk[1] — TABARAKALLAH!,HAMMERED HOME,,,
599,On-screen reactions (callouts),CALLS.dunk[2][0],THROWN DOWN!,,,
600,On-screen reactions (callouts),CALLS.green[0][0],PURE GREEN!,,,
601,On-screen reactions (callouts),CALLS.green[0][1],PERFECT RELEASE,,,
602,On-screen reactions (callouts),CALLS.green[1] — CASH!,GREEN RELEASE,,,
603,On-screen reactions (callouts),CALLS.green[2] — SPLASH!,RIGHT ON TIME,,,
604,On-screen reactions (callouts),CALLS.green[4][0],TOO SMOOTH!,,,
605,On-screen reactions (callouts),CALLS.green[4][1],PERFECT TIMING,,,
606,On-screen reactions (callouts),CALLS.green[6][1],PURE GREEN,,,
607,On-screen reactions (callouts),"CALLS.block[0] — SUBHANALLAH,",WHAT A BLOCK!,,,
608,On-screen reactions (callouts),CALLS.block[1][0],GET THAT OUT!,,,
609,On-screen reactions (callouts),CALLS.block[1][1],REJECTED,,,
610,On-screen reactions (callouts),CALLS.block[2] — DENIED!,NOT IN HERE,,,
611,On-screen reactions (callouts),CALLS.block[3] — SWATTED!,WHAT A CONTEST,,,
612,On-screen reactions (callouts),CALLS.steal[0] — STOLEN!,PICKED CLEAN,,,
613,On-screen reactions (callouts),CALLS.steal[1] — SWIPED!,QUICK HANDS,,,
614,On-screen reactions (callouts),CALLS.steal[2] — TAKEAWAY!,GREAT READ,,,
615,On-screen reactions (callouts),CALLS.steal[3] — PICKED!,ALL HANDS,,,
616,On-screen reactions (callouts),SIG_CALLS.hook[0][0],SKY HOOK!,,,
617,On-screen reactions (callouts),SIG_CALLS.hook[0][1],UNBLOCKABLE,,,
618,On-screen reactions (callouts),SIG_CALLS.hook[1][0],OVER THE TOP!,,,
619,On-screen reactions (callouts),SIG_CALLS.hook[1][1],SKY HOOK,,,
620,On-screen reactions (callouts),SIG_CALLS.bake[0][0],SHEIKH AND BAKE!,,,
621,On-screen reactions (callouts),SIG_CALLS.bake[0][1],COOKED HIM,,,
622,On-screen reactions (callouts),SIG_CALLS.bake[1][0],OUT OF THE OVEN!,,,
623,On-screen reactions (callouts),SIG_CALLS.bake[1][1],SHEIKH AND BAKE,,,
624,On-screen reactions (callouts),SIG_CALLS.stepback[0][0],STEP-BACK THREE!,,,
625,On-screen reactions (callouts),SIG_CALLS.stepback[0][1],CREATED SPACE,,,
626,On-screen reactions (callouts),SIG_CALLS.stepback[1][0],"STEP BACK, SPLASH!",,,
627,On-screen reactions (callouts),SIG_CALLS.stepback[1][1],TOO MUCH ROOM,,,
628,On-screen reactions (callouts),SIG_CALLS.spin[0][0],POWER SPIN!,,,
629,On-screen reactions (callouts),SIG_CALLS.spin[0][1],RIGHT PAST HIM,,,
630,On-screen reactions (callouts),SIG_CALLS.spin[1][0],SPIN CYCLE!,,,
631,On-screen reactions (callouts),SIG_CALLS.spin[1][1],AND FINISHED,,,
632,On-screen reactions (callouts),SIG_CALLS.fade[0] — FADEAWAY!,PURE SEPARATION,,,
633,On-screen reactions (callouts),SIG_CALLS.fade[1][0],"FADING, AND IT’S GOOD!",,,
634,On-screen reactions (callouts),SIG_CALLS.fade[1][1],CAN’T GUARD THAT,,,
635,On-screen reactions (callouts),SIG_CALLS.fade[2][1],THE FADEAWAY,,,
636,On-screen reactions (callouts),SIG_CALLS.euro[0][0],EURO STEP!,,,
637,On-screen reactions (callouts),SIG_CALLS.euro[0][1],LEFT HIM GUESSING,,,
638,On-screen reactions (callouts),SIG_CALLS.euro[1][0],OUT OF THE EURO!,,,
639,On-screen reactions (callouts),SIG_CALLS.euro[1][1],FOOTWORK,,,
640,On-screen reactions (callouts),SIG_CALLS.euro[2][0],SIDE TO SIDE!,,,
641,On-screen reactions (callouts),SIG_CALLS.euro[2][1],EURO STEP FINISH,,,
642,On-screen reactions (callouts),SIG_CALLS.floater[1] — TEARDROP!,OVER THE BIG MAN,,,
643,On-screen reactions (callouts),SIG_CALLS.floater[2][0],JUST FLOATED IT!,,,
644,On-screen reactions (callouts),SIG_NAMES.stepback,STEP-BACK THREE,,,
645,On-screen reactions (callouts),SIG_NAMES.spin,POWER SPIN,,,
646,On-screen reactions (callouts),SIG_NAMES.fade,FADEAWAY,,,
647,On-screen reactions (callouts),SIG_NAMES.euro,EURO STEP,,,
648,On-screen reactions (callouts),SIG_NAMES.floater,FLOATER,,,
649,On-screen reactions (callouts),PLAY_CUES.swish.label,NOTHING BUT NET,,,
650,On-screen reactions (callouts),PLAY_CUES.glass.label,OFF THE GLASS,,,
651,On-screen reactions (callouts),PLAY_CUES.steal.label,CHANGE OF POSSESSION,,,
652,On-screen reactions (callouts),PLAY_CUES.block.label,DENIED,,,
653,On-screen reactions (callouts),PLAY_CUES.ankles.label,CROSSED UP,,,
654,On-screen reactions (callouts),PLAY_CUES.alley.label,ALLEY-OOP,,,
655,On-screen reactions (callouts),PLAY_CUES.dunk.label,SLAM,,,
656,On-screen reactions (callouts),PLAY_CUES.poster.label,POSTER DUNK,,,
657,On-screen reactions (callouts),PLAY_CUES.fire.label,ON FIRE,,,
658,On-screen reactions (callouts),PLAY_CUES.buzzer.label,BUZZER BEATER,,,
659,On-screen reactions (callouts),HL_LABEL.layup,LAYUP,,,
660,On-screen reactions (callouts),HL_LABEL.mid,JUMPER,,,
661,On-screen reactions (callouts),HL_LABEL.three,THREE,,,
662,On-screen reactions (callouts),HL_LABEL.deep,DEEP THREE,,,
663,On-screen reactions (callouts),HL_LABEL.dunk,DUNK,,,
664,On-screen reactions (callouts),HL_LABEL.bigdunk,BIG DUNK,,,
665,Courts,VENUE_LIST[0].name,Masjid League Arena,,,
666,Courts,VENUE_LIST[1].name,Masjid Al-Amanah Gym,,,
667,Courts,VENUE_LIST[2].name,Masjid Multipurpose Room,,,
668,Courts,VENUE_LIST[3].name,Masjid Gym,,,
669,Courts,VENUE_LIST[4].name,Community Center Gym,,,
670,Courts,VENUE_LIST[5].name,Mountain View Court,,,
671,Courts,VENUE_LIST[6].name,City Park Court,,,
672,Courts,VENUE_LIST[7].name,Oasis Court,,,
673,Courts,VENUE_LIST[8].name,Seaside Court,,,
674,Courts,VENUE_LIST[9].name,Winter Court,,,
675,Courts,VENUE_LIST[10].name,Bosphorus Court,,,
676,Courts,VENUE_LIST[11].name,Andalus Court,,,
677,Courts,VENUE_LIST[12].name,Atlas Court,,,
678,Courts,VENUE_LIST[13].name,Isfahan Court,,,
679,Courts,VENUE_LIST[14].name,Nile Court,,,
680,Courts,VENUE_LIST[15].name,Tropics Court,,,
681,Courts,VENUE_LIST[16].name,Lakeshore Regional Event Center,,,
682,Courts,VENUE_LIST[17].name,Northfield University Fieldhouse,,,
683,Courts,VENUE_LIST[18].name,Al-Ittihad International Arena,,,
684,Courts,VENUE_LIST[19].name,Grand Ummah Dome,,,
685,Trivia,TRIVIA[0][0],How many surahs are in the Quran?,,,
686,Trivia,TRIVIA[1][0],Which surah is called Umm al-Kitab (Mother of the Book)?,,,
687,Trivia,TRIVIA[2][0],What is the longest surah in the Quran?,,,
688,Trivia,TRIVIA[3][0],What is the shortest surah in the Quran?,,,
689,Trivia,TRIVIA[4][0],In which month was the Quran first revealed?,,,
690,Trivia,TRIVIA[5][0],Where did the first revelation come to the Prophet ﷺ?,,,
691,Trivia,TRIVIA[5][1][0],Cave of Hira,,,
692,Trivia,TRIVIA[5][1][1],Cave of Thawr,,,
693,Trivia,TRIVIA[5][1][2],Masjid Quba,,,
694,Trivia,TRIVIA[5][1][3],Mount Uhud,,,
695,Trivia,TRIVIA[6][0],What was the first word of the Quran revealed?,,,
696,Trivia,TRIVIA[6][1][0],Iqra' (Read),,,
697,Trivia,TRIVIA[6][1][1],Qul (Say),,,
698,Trivia,TRIVIA[7][0],Which surah does not begin with Bismillah?,,,
699,Trivia,TRIVIA[8][0],Which surah contains Bismillah twice?,,,
700,Trivia,TRIVIA[9][0],Ayat al-Kursi is found in which surah?,,,
701,Trivia,TRIVIA[10][0],"Per hadith, reciting which surah equals a third of the Quran?",,,
702,Trivia,TRIVIA[11][0],How many ajza' (juz') is the Quran divided into?,,,
703,Trivia,TRIVIA[12][0],The Hijrah to Madinah took place in which year CE?,,,
704,Trivia,TRIVIA[13][0],In which city was the Prophet ﷺ born?,,,
705,Trivia,TRIVIA[14][0],The Prophet ﷺ was born in the Year of the...,,,
706,Trivia,TRIVIA[15][0],What was the first major battle in Islamic history?,,,
707,Trivia,TRIVIA[16][0],In which month did the Battle of Badr take place?,,,
708,Trivia,TRIVIA[17][0],Which battle is known as the Battle of the Trench?,,,
709,Trivia,TRIVIA[18][0],Which treaty was made with Quraysh in 6 AH?,,,
710,Trivia,TRIVIA[18][1][1],Pledge of 'Aqabah,,,
711,Trivia,TRIVIA[18][1][2],Charter of Madinah,,,
712,Trivia,TRIVIA[18][1][3],Hilf al-Fudul,,,
713,Trivia,TRIVIA[19][0],Which is the only surah named after a specific woman?,,,
714,Trivia,TRIVIA[20][0],How many obligatory daily prayers are there?,,,
715,Trivia,TRIVIA[21][0],Which surah opens with the Night Journey?,,,
716,Trivia,TRIVIA[22][0],Which surah is recommended to recite on Friday?,,,
717,Trivia,TRIVIA[23][0],The story of the People of the Cave is in which surah?,,,
718,Trivia,TRIVIA[24][0],Laylatul Qadr is better than how many months?,,,
719,Trivia,TRIVIA[25][0],Which was the first masjid built by the Prophet ﷺ?,,,
720,Trivia,TRIVIA[25][1][1],Masjid an-Nabawi,,,
721,Trivia,TRIVIA[25][1][2],Masjid al-Haram,,,
722,Trivia,TRIVIA[25][1][3],Masjid al-Aqsa,,,
723,Trivia,TRIVIA[26][0],The qiblah was changed from Jerusalem to...,,,
724,Trivia,TRIVIA[26][1][0],The Ka'bah in Makkah,,,
725,Trivia,TRIVIA[27][0],About how many years did the revelation of the Quran span?,,,
726,Trivia,TRIVIA[28][0],Which angel brought the revelation?,,,
727,Trivia,TRIVIA[29][0],How many ayat are in Surah Al-Fatihah?,,,
728,Trivia,TRIVIA[30][0],What is the last surah in the order of the Mushaf?,,,
729,Trivia,TRIVIA[31][0],Which prophet is mentioned by name most often in the Quran?,,,
730,Trivia,TRIVIA[32][0],Which surah calls its narrative 'the best of stories'?,,,
731,Trivia,TRIVIA[33][0],Surah An-Nahl is named after which creature?,,,
732,Trivia,TRIVIA[33][1][0],The bee,,,
733,Trivia,TRIVIA[33][1][1],The ant,,,
734,Trivia,TRIVIA[33][1][2],The spider,,,
735,Trivia,TRIVIA[33][1][3],The cow,,,
736,Trivia,TRIVIA[34][0],At what age did the Prophet ﷺ receive the first revelation?,,,
737,Trivia,TRIVIA[35][0],What was Madinah called before the Hijrah?,,,
738,Trivia,TRIVIA[36][0],Which surah is named after the day of congregational prayer?,,,
739,Trivia,TRIVIA[37][0],Surah Al-Fil tells the story of...,,,
740,Trivia,TRIVIA[37][1][0],The army of the Elephant,,,
741,Trivia,TRIVIA[37][1][1],The People of the Cave,,,
742,Trivia,TRIVIA[37][1][2],The great Flood,,,
743,Trivia,TRIVIA[37][1][3],The Trench,,,
744,Trivia,TRIVIA[38][0],Which surah repeats 'Which of the favors of your Lord will you deny?',,,
745,Trivia,TRIVIA[39][0],Surah Al-Baqarah is named after a...,,,
746,Trivia,TRIVIA[40][0],How many pillars of Islam are there?,,,
747,Trivia,TRIVIA[41][0],How many pillars of iman (faith) are there?,,,
748,Trivia,TRIVIA[42][0],In which month is Hajj performed?,,,
749,Trivia,TRIVIA[43][0],For how long must savings be held before zakah is due on them?,,,
750,Trivia,TRIVIA[43][1][0],One lunar year,,,
751,Trivia,TRIVIA[43][1][1],One month,,,
752,Trivia,TRIVIA[43][1][2],Ten years,,,
753,Trivia,TRIVIA[43][1][3],One week,,,
754,Trivia,TRIVIA[44][0],What is the usual zakah rate on savings?,,,
755,Trivia,TRIVIA[45][0],What is the minimum amount of wealth before zakah is due called?,,,
756,Trivia,TRIVIA[46][0],How many rak'ahs are in the Fajr prayer?,,,
757,Trivia,TRIVIA[47][0],How many rak'ahs are in the Maghrib prayer?,,,
758,Trivia,TRIVIA[48][0],How many rak'ahs are in Dhuhr for someone who is not traveling?,,,
759,Trivia,TRIVIA[49][0],How many obligatory rak'ahs are prayed in a normal day?,,,
760,Trivia,TRIVIA[50][0],Which prayer is prayed just after sunset?,,,
761,Trivia,TRIVIA[51][0],Which of these is NOT one of the five daily obligatory prayers?,,,
762,Trivia,TRIVIA[52][0],What is the call to prayer called?,,,
763,Trivia,TRIVIA[53][0],Who was the first mu'adhdhin (caller to prayer) in Islam?,,,
764,Trivia,TRIVIA[53][1][0],Bilal ibn Rabah,,,
765,Trivia,TRIVIA[53][1][1],Abu Bakr,,,
766,Trivia,TRIVIA[53][1][2],Umar ibn al-Khattab,,,
767,Trivia,TRIVIA[53][1][3],Ali ibn Abi Talib,,,
768,Trivia,TRIVIA[54][0],What washing is usually done before salah?,,,
769,Trivia,TRIVIA[55][0],What is dry ablution with clean earth called?,,,
770,Trivia,TRIVIA[56][0],Which congregational prayer replaces Dhuhr on Fridays?,,,
771,Trivia,TRIVIA[57][0],What are the night prayers in Ramadan usually called?,,,
772,Trivia,TRIVIA[58][0],What is the pre-dawn meal before a fast called?,,,
773,Trivia,TRIVIA[59][0],What is the meal that breaks the fast at sunset called?,,,
774,Trivia,TRIVIA[60][0],Which Eid comes at the end of Ramadan?,,,
775,Trivia,TRIVIA[60][1][0],Eid al-Fitr,,,
776,Trivia,TRIVIA[60][1][1],Eid al-Adha,,,
777,Trivia,TRIVIA[60][1][3],Laylatul Qadr,,,
778,Trivia,TRIVIA[61][0],Eid al-Adha falls on which day of Dhul-Hijjah?,,,
779,Trivia,TRIVIA[62][0],The Day of 'Arafah is on which date?,,,
780,Trivia,TRIVIA[63][0],What charity is given before the Eid al-Fitr prayer?,,,
781,Trivia,TRIVIA[63][1][0],Zakat al-Fitr,,,
782,Trivia,TRIVIA[63][1][1],Zakat al-Mal,,,
783,Trivia,TRIVIA[64][0],"What is staying in the masjid for worship, especially in the last ten nights of Ramadan, called?",,,
784,Trivia,TRIVIA[65][0],In which nights is Laylatul Qadr especially sought?,,,
785,Trivia,TRIVIA[65][1][0],The last ten nights of Ramadan,,,
786,Trivia,TRIVIA[65][1][1],The first ten nights of Ramadan,,,
787,Trivia,TRIVIA[65][1][2],Only the 15th night,,,
788,Trivia,TRIVIA[65][1][3],The night before Ramadan,,,
789,Trivia,TRIVIA[66][0],How many days is the month of Ramadan?,,,
790,Trivia,TRIVIA[66][1][1],Exactly 40,,,
791,Trivia,TRIVIA[66][1][2],Exactly 25,,,
792,Trivia,TRIVIA[67][0],What is the first month of the Hijri calendar?,,,
793,Trivia,TRIVIA[68][0],How many months are in the Hijri year?,,,
794,Trivia,TRIVIA[69][0],Ramadan is which month of the Hijri calendar?,,,
795,Trivia,TRIVIA[69][1][0],The 9th,,,
796,Trivia,TRIVIA[69][1][1],The 1st,,,
797,Trivia,TRIVIA[69][1][2],The 7th,,,
798,Trivia,TRIVIA[69][1][3],The 12th,,,
799,Trivia,TRIVIA[70][0],Which month comes right after Ramadan?,,,
800,Trivia,TRIVIA[71][0],How many sacred months are there in the year?,,,
801,Trivia,TRIVIA[72][0],The day of 'Ashura is which day of Muharram?,,,
802,Trivia,TRIVIA[73][0],Who was the first caliph after the Prophet ﷺ?,,,
803,Trivia,TRIVIA[73][1][0],Abu Bakr as-Siddiq,,,
804,Trivia,TRIVIA[73][1][2],Uthman ibn Affan,,,
805,Trivia,TRIVIA[74][0],Which caliph had standard copies of the Quran sent to the major cities?,,,
806,Trivia,TRIVIA[75][0],Who was with the Prophet ﷺ in the Cave of Thawr during the Hijrah?,,,
807,Trivia,TRIVIA[76][0],Who slept in the Prophet's ﷺ bed on the night of the Hijrah?,,,
808,Trivia,TRIVIA[76][1][3],Zayd ibn Harithah,,,
809,Trivia,TRIVIA[77][0],Who was the first wife of the Prophet ﷺ?,,,
810,Trivia,TRIVIA[78][0],Which companion was given the title al-Faruq?,,,
811,Trivia,TRIVIA[78][1][3],Khalid ibn al-Walid,,,
812,Trivia,TRIVIA[79][0],"Which companion was called Sayfullah, the Sword of Allah?",,,
813,Trivia,TRIVIA[79][1][2],Sa'd ibn Abi Waqqas,,,
814,Trivia,TRIVIA[80][0],Which uncle of the Prophet ﷺ was called the Lion of Allah?,,,
815,Trivia,TRIVIA[80][1][2],Abu Talib,,,
816,Trivia,TRIVIA[80][1][3],Abu Lahab,,,
817,Trivia,TRIVIA[81][0],Which uncle raised the Prophet ﷺ after his grandfather died?,,,
818,Trivia,TRIVIA[82][0],Who was the grandfather who cared for the Prophet ﷺ as a young child?,,,
819,Trivia,TRIVIA[82][1][0],Abd al-Muttalib,,,
820,Trivia,TRIVIA[83][0],What was the name of the Prophet's ﷺ mother?,,,
821,Trivia,TRIVIA[84][0],Who nursed the Prophet ﷺ as a baby in the desert?,,,
822,Trivia,TRIVIA[84][1][0],Halimah as-Sa'diyyah,,,
823,Trivia,TRIVIA[85][0],Who is known as the first martyr in Islam?,,,
824,Trivia,TRIVIA[85][1][0],Sumayyah bint Khayyat,,,
825,Trivia,TRIVIA[85][1][2],Mus'ab ibn Umayr,,,
826,Trivia,TRIVIA[85][1][3],Ja'far ibn Abi Talib,,,
827,Trivia,TRIVIA[86][0],Which companion was sent to Madinah to teach Islam before the Hijrah?,,,
828,Trivia,TRIVIA[86][1][2],Salman al-Farisi,,,
829,Trivia,TRIVIA[86][1][3],Abu Hurayrah,,,
830,Trivia,TRIVIA[87][0],Which companion suggested digging the trench to defend Madinah?,,,
831,Trivia,TRIVIA[88][0],Which companion narrated the most hadith?,,,
832,Trivia,TRIVIA[88][1][1],Anas ibn Malik,,,
833,Trivia,TRIVIA[88][1][2],Abdullah ibn Umar,,,
834,Trivia,TRIVIA[89][0],Which daughter of the Prophet ﷺ was the mother of al-Hasan and al-Husayn?,,,
835,Trivia,TRIVIA[89][1][3],Umm Kulthum,,,
836,Trivia,TRIVIA[90][0],"Even before prophethood, the Prophet ﷺ was known as...",,,
837,Trivia,TRIVIA[90][1][0],"Al-Amin, the trustworthy",,,
838,Trivia,TRIVIA[91][0],Which battle took place near a mountain just north of Madinah in 3 AH?,,,
839,Trivia,TRIVIA[92][0],In which year AH did the Muslims enter Makkah peacefully (Fath Makkah)?,,,
840,Trivia,TRIVIA[93][0],The Battle of Hunayn came right after which event?,,,
841,Trivia,TRIVIA[93][1][0],The opening of Makkah,,,
842,Trivia,TRIVIA[93][1][1],The Battle of Badr,,,
843,Trivia,TRIVIA[93][1][2],The Treaty of Hudaybiyyah,,,
844,Trivia,TRIVIA[93][1][3],The Hijrah,,,
845,Trivia,TRIVIA[94][0],In which year AH was the expedition to Tabuk?,,,
846,Trivia,TRIVIA[95][0],In which year AH did the Prophet ﷺ perform the Farewell Hajj?,,,
847,Trivia,TRIVIA[96][0],About how many years did the Prophet ﷺ call people to Islam in Makkah?,,,
848,Trivia,TRIVIA[97][0],About how many years did the Prophet ﷺ live in Madinah after the Hijrah?,,,
849,Trivia,TRIVIA[98][0],How old was the Prophet ﷺ when he passed away?,,,
850,Trivia,TRIVIA[99][0],In which city is the Prophet ﷺ buried?,,,
851,Trivia,TRIVIA[100][0],Where did the first group of Muslims migrate for safety?,,,
852,Trivia,TRIVIA[101][0],What was the title of the just king of Abyssinia who protected the Muslims?,,,
853,Trivia,TRIVIA[102][0],Which companion spoke for the Muslims before the king of Abyssinia?,,,
854,Trivia,TRIVIA[103][0],"Which city did the Prophet ﷺ visit to invite its people, only to be rejected?",,,
855,Trivia,TRIVIA[104][0],The Pledges of 'Aqabah were made with people from which city?,,,
856,Trivia,TRIVIA[104][1][0],Yathrib (Madinah),,,
857,Trivia,TRIVIA[105][0],The Muslims of Madinah who welcomed the emigrants are called...,,,
858,Trivia,TRIVIA[105][1][3],Ahl as-Suffah,,,
859,Trivia,TRIVIA[106][0],The Muslims who emigrated from Makkah to Madinah are called...,,,
860,Trivia,TRIVIA[107][0],What did the Prophet ﷺ set up between the Muhajirun and the Ansar in Madinah?,,,
861,Trivia,TRIVIA[107][1][0],Pairs of brothers,,,
862,Trivia,TRIVIA[107][1][1],A new tax,,,
863,Trivia,TRIVIA[107][1][2],A royal court,,,
864,Trivia,TRIVIA[107][1][3],A second qiblah,,,
865,Trivia,TRIVIA[108][0],"During the Mi'raj, which act of worship was made obligatory?",,,
866,Trivia,TRIVIA[108][1][0],The five daily prayers,,,
867,Trivia,TRIVIA[108][1][1],Fasting Ramadan,,,
868,Trivia,TRIVIA[109][0],The Prophet's ﷺ ascension through the heavens is called...,,,
869,Trivia,TRIVIA[110][0],What is the Prophet's ﷺ masjid in Madinah called?,,,
870,Trivia,TRIVIA[110][1][3],Masjid al-Qiblatayn,,,
871,Trivia,TRIVIA[111][0],Which masjid in Madinah is named after the change of qiblah?,,,
872,Trivia,TRIVIA[111][1][3],Masjid al-Jumu'ah,,,
873,Trivia,TRIVIA[112][0],Which masjid is the third holiest in Islam?,,,
874,Trivia,TRIVIA[112][1][3],The Umayyad Mosque,,,
875,Trivia,TRIVIA[113][0],What is the raised pulpit for the khutbah called?,,,
876,Trivia,TRIVIA[114][0],What is the niche that shows the direction of the qiblah called?,,,
877,Trivia,TRIVIA[115][0],From which tower was the adhan traditionally called?,,,
878,Trivia,TRIVIA[116][0],What is the well beside the Ka'bah called?,,,
879,Trivia,TRIVIA[117][0],Which prophet and his son raised the foundations of the Ka'bah?,,,
880,Trivia,TRIVIA[118][0],"Between which two hills did Hajar run, a rite repeated in Hajj and Umrah?",,,
881,Trivia,TRIVIA[118][1][0],Safa and Marwah,,,
882,Trivia,TRIVIA[118][1][1],Uhud and Thawr,,,
883,Trivia,TRIVIA[118][1][2],Hira and Nur,,,
884,Trivia,TRIVIA[118][1][3],'Arafah and Muzdalifah,,,
885,Trivia,TRIVIA[119][0],What is walking around the Ka'bah in worship called?,,,
886,Trivia,TRIVIA[120][0],How many times do pilgrims circle the Ka'bah in one tawaf?,,,
887,Trivia,TRIVIA[121][0],What is the sacred state (and simple clothing) for Hajj and Umrah called?,,,
888,Trivia,TRIVIA[122][0],What is the cloth covering the Ka'bah called?,,,
889,Trivia,TRIVIA[123][0],Which prophet was swallowed by a great fish?,,,
890,Trivia,TRIVIA[124][0],Which prophet built the Ark?,,,
891,Trivia,TRIVIA[125][0],Which prophet was thrown into a fire that Allah made cool and safe?,,,
892,Trivia,TRIVIA[126][0],Which prophet is known for his patience through a long illness?,,,
893,Trivia,TRIVIA[127][0],Which prophet understood the speech of the ants and birds?,,,
894,Trivia,TRIVIA[128][0],Which prophet was given the Zabur (Psalms)?,,,
895,Trivia,TRIVIA[129][0],Which prophet was given the Tawrah?,,,
896,Trivia,TRIVIA[130][0],Which prophet was given the Injil?,,,
897,Trivia,TRIVIA[131][0],Which prophet was sent to the people of 'Ad?,,,
898,Trivia,TRIVIA[132][0],"Which prophet was sent to Thamud, with a she-camel as a sign?",,,
899,Trivia,TRIVIA[133][0],Which prophet was sent to the people of Madyan?,,,
900,Trivia,TRIVIA[134][0],Who was the first prophet?,,,
901,Trivia,TRIVIA[135][0],How many prophets are mentioned by name in the Quran?,,,
902,Trivia,TRIVIA[136][0],"Which prophet is called Khalilullah, the close friend of Allah?",,,
903,Trivia,TRIVIA[137][0],Which prophet was spoken to directly by Allah and is called Kalimullah?,,,
904,Trivia,TRIVIA[138][0],Who was sent as a helper to his brother Musa?,,,
905,Trivia,TRIVIA[139][0],Which prophet explained the king's dream of seven fat and seven thin cows?,,,
906,Trivia,TRIVIA[140][0],Which prophet's staff turned into a snake by Allah's permission?,,,
907,Trivia,TRIVIA[141][0],For which prophet did Allah make iron soft?,,,
908,Trivia,TRIVIA[142][0],Which prophet was born without a father?,,,
909,Trivia,TRIVIA[143][0],Which prophet was the son of the prophet Zakariyya?,,,
910,Trivia,TRIVIA[144][0],Which prophet is called the seal of the prophets?,,,
911,Trivia,TRIVIA[144][1][0],Muhammad ﷺ,,,
912,Trivia,TRIVIA[145][0],The Quran calls the Prophet ﷺ a mercy to...,,,
913,Trivia,TRIVIA[145][1][0],All the worlds,,,
914,Trivia,TRIVIA[145][1][1],The Arabs only,,,
915,Trivia,TRIVIA[145][1][2],Makkah only,,,
916,Trivia,TRIVIA[145][1][3],The scholars only,,,
917,Trivia,TRIVIA[146][0],The Quran (68:4) says the Prophet ﷺ is upon an exalted standard of...,,,
918,Trivia,TRIVIA[147][0],Which surah comes right after Al-Fatihah in the Mushaf?,,,
919,Trivia,TRIVIA[148][0],"Which two surahs are called az-Zahrawayn, the two bright ones?",,,
920,Trivia,TRIVIA[148][1][0],Al-Baqarah and Aal-'Imran,,,
921,Trivia,TRIVIA[148][1][1],Al-Falaq and An-Nas,,,
922,Trivia,TRIVIA[148][1][2],Al-Mulk and Al-Kahf,,,
923,Trivia,TRIVIA[148][1][3],Ya-Sin and Ar-Rahman,,,
924,Trivia,TRIVIA[149][0],Al-Falaq and An-Nas together are called...,,,
925,Trivia,TRIVIA[150][0],"Which surah is also called Tabarak, from its first word?",,,
926,Trivia,TRIVIA[151][0],Surah Al-Ma'idah is named after...,,,
927,Trivia,TRIVIA[151][1][0],A table spread with food,,,
928,Trivia,TRIVIA[152][0],Surah Al-'Ankabut is named after which creature?,,,
929,Trivia,TRIVIA[152][1][3],The elephant,,,
930,Trivia,TRIVIA[153][0],Surah An-Naml is named after which creature?,,,
931,Trivia,TRIVIA[153][1][3],The fly,,,
932,Trivia,TRIVIA[154][0],What does Surah Al-Hadid's name mean?,,,
933,Trivia,TRIVIA[155][0],What does Surah Al-Qalam's name mean?,,,
934,Trivia,TRIVIA[155][1][0],The pen,,,
935,Trivia,TRIVIA[155][1][1],The book,,,
936,Trivia,TRIVIA[155][1][2],The tablet,,,
937,Trivia,TRIVIA[155][1][3],The ink,,,
938,Trivia,TRIVIA[156][0],Surah Al-'Asr begins by swearing by...,,,
939,Trivia,TRIVIA[156][1][1],The dawn,,,
940,Trivia,TRIVIA[156][1][2],The fig,,,
941,Trivia,TRIVIA[156][1][3],The sun,,,
942,Trivia,TRIVIA[157][0],Which surah is named after a tribe of Makkah and mentions their winter and summer journeys?,,,
943,Trivia,TRIVIA[158][0],"In Surah Luqman, Luqman gives wise advice to his...",,,
944,Trivia,TRIVIA[159][0],Which surah tells the story of Dhul-Qarnayn?,,,
945,Trivia,TRIVIA[160][0],Which surah contains the Verse of Light (Ayat an-Nur)?,,,
946,Trivia,TRIVIA[161][0],Which surah opens by swearing by the fig and the olive?,,,
947,Trivia,TRIVIA[162][0],Surah Al-'Adiyat opens by swearing by...,,,
948,Trivia,TRIVIA[162][1][0],Charging horses,,,
949,Trivia,TRIVIA[163][0],Which surah warns about those who push away the orphan and hold back small kindnesses?,,,
950,Trivia,TRIVIA[164][0],Surah Al-Masad is also known as...,,,
951,Trivia,TRIVIA[165][0],Which is the longest ayah in the Quran?,,,
952,Trivia,TRIVIA[165][1][0],The debt ayah (2:282),,,
953,Trivia,TRIVIA[165][1][1],Ayat al-Kursi (2:255),,,
954,Trivia,TRIVIA[165][1][2],The last ayah of Al-Baqarah,,,
955,Trivia,TRIVIA[165][1][3],The first ayah of Al-Fatihah,,,
956,Trivia,TRIVIA[166][0],What does 'Bismillah' mean?,,,
957,Trivia,TRIVIA[166][1][0],In the name of Allah,,,
958,Trivia,TRIVIA[166][1][1],All praise is for Allah,,,
959,Trivia,TRIVIA[166][1][2],Allah is the Greatest,,,
960,Trivia,TRIVIA[166][1][3],Peace be upon you,,,
961,Trivia,TRIVIA[167][0],What does 'Subhanallah' mean?,,,
962,Trivia,TRIVIA[167][1][0],Glory be to Allah,,,
963,Trivia,TRIVIA[167][1][3],If Allah wills,,,
964,Trivia,TRIVIA[168][0],What does 'Alhamdulillah' mean?,,,
965,Trivia,TRIVIA[168][1][3],I seek Allah's forgiveness,,,
966,Trivia,TRIVIA[169][0],What does 'In sha Allah' mean?,,,
967,Trivia,TRIVIA[169][1][1],What Allah has willed,,,
968,Trivia,TRIVIA[170][0],"What is said when you see something good, meaning 'what Allah has willed'?",,,
969,Trivia,TRIVIA[170][1][1],In sha Allah,,,
970,Trivia,TRIVIA[171][0],What does 'Astaghfirullah' mean?,,,
971,Trivia,TRIVIA[171][1][2],Allah is enough for me,,,
972,Trivia,TRIVIA[172][0],What is the reply to 'Assalamu alaikum'?,,,
973,Trivia,TRIVIA[172][1][0],Wa alaikum assalam,,,
974,Trivia,TRIVIA[172][1][1],Jazakallahu khayran,,,
975,Trivia,TRIVIA[172][1][2],Barakallahu feek,,,
976,Trivia,TRIVIA[173][0],"What do you say to thank someone, meaning 'may Allah reward you with good'?",,,
977,Trivia,TRIVIA[174][0],What does the word 'Islam' mean?,,,
978,Trivia,TRIVIA[174][1][0],Submission to Allah,,,
979,Trivia,TRIVIA[175][0],What does 'Quran' literally mean?,,,
980,Trivia,TRIVIA[175][1][0],The recitation,,,
981,Trivia,TRIVIA[175][1][1],The light,,,
982,Trivia,TRIVIA[175][1][2],The law,,,
983,Trivia,TRIVIA[175][1][3],The stories,,,
984,Trivia,TRIVIA[176][0],What is the Prophet's ﷺ way and practice called?,,,
985,Trivia,TRIVIA[177][0],What is explanation of the meaning of the Quran called?,,,
986,Trivia,TRIVIA[178][0],What are the rules for reciting the Quran correctly called?,,,
987,Trivia,TRIVIA[179][0],What is someone who has memorized the whole Quran called?,,,
988,Trivia,TRIVIA[180][0],What is voluntary charity called?,,,
989,Trivia,TRIVIA_WHY[0],"The Quran has 114 surahs, from Al-Fatihah to An-Nas.",,,
990,Trivia,TRIVIA_WHY[1],Al-Fatihah is called Umm al-Kitab because it opens the Quran and gathers its core themes.,,,
991,Trivia,TRIVIA_WHY[2],"Al-Baqarah has 286 ayat, more than any other surah.",,,
992,Trivia,TRIVIA_WHY[3],"Al-Kawthar has only three short ayat, making it the shortest surah.",,,
993,Trivia,TRIVIA_WHY[4],The Quran itself says it was sent down in the month of Ramadan (Al-Baqarah 2:185).,,,
994,Trivia,TRIVIA_WHY[5],"The first revelation came in the Cave of Hira, on Jabal an-Nur near Makkah.",,,
995,Trivia,TRIVIA_WHY[6],The first words revealed were the opening of Surah Al-Alaq: “Read in the name of your Lord.”,,,
996,Trivia,TRIVIA_WHY[7],At-Tawbah is the only surah that does not begin with Bismillah.,,,
997,Trivia,TRIVIA_WHY[8],An-Naml opens with Bismillah and has it again inside the letter of Sulayman (27:30).,,,
998,Trivia,TRIVIA_WHY[9],Ayat al-Kursi is verse 255 of Surah Al-Baqarah.,,,
999,Trivia,TRIVIA_WHY[10],The Prophet ﷺ said Surah Al-Ikhlas equals a third of the Quran (Sahih al-Bukhari).,,,
1000,Trivia,TRIVIA_WHY[11],"The Quran is divided into 30 ajza’, so many people read one juz’ a day in Ramadan.",,,
1001,Trivia,TRIVIA_WHY[12],The Hijrah in 622 CE marks the start of the Hijri calendar.,,,
1002,Trivia,TRIVIA_WHY[13],The Prophet ﷺ was born in Makkah.,,,
1003,Trivia,TRIVIA_WHY[14],"He was born in the Year of the Elephant, when Abraha’s army marched on Makkah.",,,
1004,Trivia,TRIVIA_WHY[15],"Badr, in 2 AH, was the first major battle between the Muslims and Quraysh.",,,
1005,Trivia,TRIVIA_WHY[16],"The Battle of Badr took place in Ramadan, 2 AH.",,,
1006,Trivia,TRIVIA_WHY[17],"At Al-Khandaq in 5 AH, the Muslims dug a trench to defend Madinah.",,,
1007,Trivia,TRIVIA_WHY[18],The Treaty of Hudaybiyyah was agreed in 6 AH and brought a truce with Quraysh.,,,
1008,Trivia,TRIVIA_WHY[19],"Maryam is the only woman named in the Quran, and a surah carries her name.",,,
1009,Trivia,TRIVIA_WHY[20],"Five daily prayers are obligatory: Fajr, Dhuhr, Asr, Maghrib and Isha.",,,
1010,Trivia,TRIVIA_WHY[21],Surah Al-Isra opens with the Night Journey from Masjid al-Haram to Masjid al-Aqsa.,,,
1011,Trivia,TRIVIA_WHY[22],Hadith encourage reciting Surah Al-Kahf on Friday.,,,
1012,Trivia,TRIVIA_WHY[23],Al-Kahf tells of young believers who sheltered in a cave and slept for many years.,,,
1013,Trivia,TRIVIA_WHY[24],Surah Al-Qadr says Laylatul Qadr is better than a thousand months (97:3).,,,
1014,Trivia,TRIVIA_WHY[25],"Masjid Quba, built on arrival near Madinah during the Hijrah, was the first masjid the Prophet ﷺ built.",,,
1015,Trivia,TRIVIA_WHY[26],The qiblah was changed from Jerusalem to the Ka’bah in 2 AH (Al-Baqarah 2:144).,,,
1016,Trivia,TRIVIA_WHY[27],The revelation came over about 23 years.,,,
1017,Trivia,TRIVIA_WHY[28],The angel Jibril brought the revelation to the Prophet ﷺ.,,,
1018,Trivia,TRIVIA_WHY[29],Al-Fatihah has seven ayat and is recited in every rak’ah of salah.,,,
1019,Trivia,TRIVIA_WHY[30],An-Nas is the 114th and final surah in the order of the Mushaf.,,,
1020,Trivia,TRIVIA_WHY[31],"Musa is named more than any other prophet in the Quran, over 130 times.",,,
1021,Trivia,TRIVIA_WHY[32],Surah Yusuf (12:3) calls its account “the best of stories.”,,,
1022,Trivia,TRIVIA_WHY[33],"An-Nahl means “The Bee,” and the surah mentions honey as a healing for people (16:69).",,,
1023,Trivia,TRIVIA_WHY[34],The first revelation came when the Prophet ﷺ was about 40 years old.,,,
1024,Trivia,TRIVIA_WHY[35],Madinah was called Yathrib before the Hijrah.,,,
1025,Trivia,TRIVIA_WHY[36],Surah Al-Jumu’ah calls believers to hurry to the Friday prayer (62:9).,,,
1026,Trivia,TRIVIA_WHY[37],Surah Al-Fil recalls how Allah protected the Ka’bah from Abraha’s army with elephants.,,,
1027,Trivia,TRIVIA_WHY[38],Ar-Rahman repeats “Which of the favors of your Lord will you deny?” 31 times.,,,
1028,Trivia,TRIVIA_WHY[39],Al-Baqarah is named after the story of the cow in ayat 67 to 73.,,,
1029,Trivia,TRIVIA_WHY[40],"The five pillars are the shahadah, salah, zakah, fasting Ramadan and Hajj (Sahih al-Bukhari and Muslim).",,,
1030,Trivia,TRIVIA_WHY[41],"Belief in Allah, His angels, His books, His messengers, the Last Day and qadar, from the hadith of Jibril (Sahih Muslim).",,,
1031,Trivia,TRIVIA_WHY[42],"The rites of Hajj take place in the early days of Dhul-Hijjah, the last month of the Hijri year.",,,
1032,Trivia,TRIVIA_WHY[43],Zakah is due on savings above the nisab once they have been held for a full lunar year (the hawl).,,,
1033,Trivia,TRIVIA_WHY[44],"Zakah on money and trade goods is one-fortieth, or 2.5%.",,,
1034,Trivia,TRIVIA_WHY[45],"The nisab is the threshold; below it, no zakah is due.",,,
1035,Trivia,TRIVIA_WHY[46],Fajr is two rak'ahs.,,,
1036,Trivia,TRIVIA_WHY[47],Maghrib is the only obligatory prayer with three rak'ahs.,,,
1037,Trivia,TRIVIA_WHY[48],"Dhuhr, Asr and Isha are four rak'ahs each; a traveler shortens them to two.",,,
1038,Trivia,TRIVIA_WHY[49],"Fajr 2, Dhuhr 4, Asr 4, Maghrib 3 and Isha 4 add up to 17.",,,
1039,Trivia,TRIVIA_WHY[50],Maghrib begins when the sun has set.,,,
1040,Trivia,TRIVIA_WHY[51],"Duha is a voluntary morning prayer; the five obligatory ones are Fajr, Dhuhr, Asr, Maghrib and Isha.",,,
1041,Trivia,TRIVIA_WHY[52],The adhan announces the prayer time; the iqamah is the second call when the prayer is about to start.,,,
1042,Trivia,TRIVIA_WHY[53],"The Prophet ﷺ chose Bilal, known for his strong, beautiful voice, to call the adhan in Madinah.",,,
1043,Trivia,TRIVIA_WHY[54],"Wudu, the ablution, washes the hands, mouth, nose, face, arms, head (wiped) and feet (Al-Ma'idah 5:6).",,,
1044,Trivia,TRIVIA_WHY[55],"When water can't be used, the Quran allows tayammum with clean earth (An-Nisa' 4:43, Al-Ma'idah 5:6).",,,
1045,Trivia,TRIVIA_WHY[56],"The Friday prayer, with its khutbah, is prayed at Dhuhr time in congregation.",,,
1046,Trivia,TRIVIA_WHY[57],Tarawih are the extra night prayers many masjids pray in congregation during Ramadan.,,,
1047,Trivia,TRIVIA_WHY[58],"The Prophet ﷺ said, “Eat suhur, for in suhur there is blessing” (Sahih al-Bukhari).",,,
1048,Trivia,TRIVIA_WHY[59],Iftar is at sunset; the Prophet ﷺ liked to break his fast with dates or water.,,,
1049,Trivia,TRIVIA_WHY[60],"Eid al-Fitr is on the 1st of Shawwal, right after Ramadan.",,,
1050,Trivia,TRIVIA_WHY[61],"Eid al-Adha is the 10th of Dhul-Hijjah, the day after 'Arafah.",,,
1051,Trivia,TRIVIA_WHY[62],"Pilgrims stand at 'Arafah on the 9th of Dhul-Hijjah, the heart of Hajj.",,,
1052,Trivia,TRIVIA_WHY[63],Zakat al-Fitr is paid before the Eid prayer so everyone can celebrate Eid.,,,
1053,Trivia,TRIVIA_WHY[64],The Prophet ﷺ used to do i'tikaf in the last ten days of Ramadan (Sahih al-Bukhari).,,,
1054,Trivia,TRIVIA_WHY[65],The Prophet ﷺ said to seek it in the odd nights of the last ten of Ramadan (Sahih al-Bukhari).,,,
1055,Trivia,TRIVIA_WHY[66],"Hijri months follow the moon, so Ramadan lasts 29 or 30 days.",,,
1056,Trivia,TRIVIA_WHY[67],The Hijri year begins with Muharram.,,,
1057,Trivia,TRIVIA_WHY[68],The Quran says the number of months with Allah is twelve (At-Tawbah 9:36).,,,
1058,Trivia,TRIVIA_WHY[69],"Ramadan is the ninth month, between Sha'ban and Shawwal.",,,
1059,Trivia,TRIVIA_WHY[70],"Shawwal follows Ramadan, and Eid al-Fitr is its first day.",,,
1060,Trivia,TRIVIA_WHY[71],"At-Tawbah 9:36 mentions four sacred months: Dhul-Qa'dah, Dhul-Hijjah, Muharram and Rajab.",,,
1061,Trivia,TRIVIA_WHY[72],'Ashura is the 10th of Muharram; the Prophet ﷺ fasted it and encouraged fasting it.,,,
1062,Trivia,TRIVIA_WHY[73],Abu Bakr led the Muslims after the Prophet ﷺ passed away in 11 AH.,,,
1063,Trivia,TRIVIA_WHY[74],"Under Uthman, standardized copies of the Mushaf were made and sent out to the Muslim cities.",,,
1064,Trivia,TRIVIA_WHY[75],"Abu Bakr hid with him in the cave, “the second of the two” (At-Tawbah 9:40).",,,
1065,Trivia,TRIVIA_WHY[76],"Young Ali stayed behind in his bed, then returned the trusts people had left with the Prophet ﷺ.",,,
1066,Trivia,TRIVIA_WHY[77],Khadijah bint Khuwaylid was his first wife and the first to believe in his message.,,,
1067,Trivia,TRIVIA_WHY[78],"Umar was called al-Faruq, the one who distinguishes truth from falsehood.",,,
1068,Trivia,TRIVIA_WHY[79],The Prophet ﷺ gave Khalid ibn al-Walid the title Sword of Allah.,,,
1069,Trivia,TRIVIA_WHY[80],"Hamzah ibn Abd al-Muttalib, the Lion of Allah, was martyred at Uhud.",,,
1070,Trivia,TRIVIA_WHY[81],Abu Talib took him in at about age eight and protected him for years.,,,
1071,Trivia,TRIVIA_WHY[82],Abd al-Muttalib cared for him after his mother died.,,,
1072,Trivia,TRIVIA_WHY[83],His mother was Aminah bint Wahb; she passed away when he was about six.,,,
1073,Trivia,TRIVIA_WHY[84],Halimah of the Banu Sa'd nursed him in the desert.,,,
1074,Trivia,TRIVIA_WHY[85],"Sumayyah, the mother of Ammar ibn Yasir, was killed in Makkah for refusing to give up her faith.",,,
1075,Trivia,TRIVIA_WHY[86],"After the first Pledge of 'Aqabah, Mus'ab ibn Umayr went to teach the Quran in Yathrib.",,,
1076,Trivia,TRIVIA_WHY[87],"Salman al-Farisi suggested the trench, a Persian defense the Arabs had not used before.",,,
1077,Trivia,TRIVIA_WHY[88],Abu Hurayrah narrated more hadith than any other companion.,,,
1078,Trivia,TRIVIA_WHY[89],Fatimah married Ali ibn Abi Talib; their sons were al-Hasan and al-Husayn.,,,
1079,Trivia,TRIVIA_WHY[90],"The people of Makkah called him al-Amin. Amanah, trust, comes from the same root as our masjid's name.",,,
1080,Trivia,TRIVIA_WHY[91],The Battle of Uhud took place in 3 AH beside Mount Uhud.,,,
1081,Trivia,TRIVIA_WHY[92],"Makkah was opened in Ramadan of 8 AH, with a general amnesty.",,,
1082,Trivia,TRIVIA_WHY[93],"Hunayn was fought in 8 AH, just after the opening of Makkah.",,,
1083,Trivia,TRIVIA_WHY[94],The expedition to Tabuk was in 9 AH.,,,
1084,Trivia,TRIVIA_WHY[95],"The Farewell Hajj was in 10 AH, a few months before he passed away.",,,
1085,Trivia,TRIVIA_WHY[96],"About 13 years in Makkah, then about 10 in Madinah.",,,
1086,Trivia,TRIVIA_WHY[97],"He lived in Madinah for about ten years, from 1 AH to 11 AH.",,,
1087,Trivia,TRIVIA_WHY[98],He passed away in Madinah in 11 AH at the age of 63.,,,
1088,Trivia,TRIVIA_WHY[99],"He is buried in Madinah, in what was 'Aishah's room, now within Masjid an-Nabawi.",,,
1089,Trivia,TRIVIA_WHY[100],"In about the fifth year of prophethood, a group migrated to Abyssinia (Habashah).",,,
1090,Trivia,TRIVIA_WHY[101],An-Najashi (the Negus) gave the Muslim refugees his protection.,,,
1091,Trivia,TRIVIA_WHY[102],"Ja'far explained Islam and recited from Surah Maryam, and the king refused to hand them over.",,,
1092,Trivia,TRIVIA_WHY[103],"In Ta'if he was rejected and stoned, yet he made du'a for their descendants to believe.",,,
1093,Trivia,TRIVIA_WHY[104],"People of Yathrib pledged at 'Aqabah, which opened the way to the Hijrah.",,,
1094,Trivia,TRIVIA_WHY[105],Al-Ansar means the helpers.,,,
1095,Trivia,TRIVIA_WHY[106],Al-Muhajirun means the emigrants.,,,
1096,Trivia,TRIVIA_WHY[107],"He paired emigrants and helpers as brothers, and many Ansar shared their homes and wealth.",,,
1097,Trivia,TRIVIA_WHY[108],The five daily prayers were made obligatory on the night of the Mi'raj (Sahih al-Bukhari).,,,
1098,Trivia,TRIVIA_WHY[109],Al-Isra' is the night journey to Jerusalem; al-Mi'raj is the ascension that followed.,,,
1099,Trivia,TRIVIA_WHY[110],"Masjid an-Nabawi, the Prophet's Masjid, was built soon after the Hijrah.",,,
1100,Trivia,TRIVIA_WHY[111],Al-Qiblatayn means the two qiblahs.,,,
1101,Trivia,TRIVIA_WHY[112],"After Masjid al-Haram and Masjid an-Nabawi, Masjid al-Aqsa in Jerusalem is the third.",,,
1102,Trivia,TRIVIA_WHY[113],The khatib stands on the minbar. A carved minbar is one of our masjid projects.,,,
1103,Trivia,TRIVIA_WHY[114],The mihrab marks the qiblah wall; the imam leads the prayer in front of it.,,,
1104,Trivia,TRIVIA_WHY[115],The minaret lets the adhan carry across the neighborhood.,,,
1105,Trivia,TRIVIA_WHY[116],The well of Zamzam sprang up for Hajar and baby Isma'il.,,,
1106,Trivia,TRIVIA_WHY[117],Ibrahim and Isma'il raised its foundations (Al-Baqarah 2:127).,,,
1107,Trivia,TRIVIA_WHY[118],Pilgrims walk between Safa and Marwah seven times in the sa'y.,,,
1108,Trivia,TRIVIA_WHY[119],Tawaf is circling the Ka'bah.,,,
1109,Trivia,TRIVIA_WHY[120],One tawaf is seven circuits.,,,
1110,Trivia,TRIVIA_WHY[121],Pilgrims enter ihram before reaching Makkah.,,,
1111,Trivia,TRIVIA_WHY[122],"The black kiswah, embroidered in gold, is replaced every year.",,,
1112,Trivia,TRIVIA_WHY[123],Yunus called on Allah from the belly of the fish and was saved (As-Saffat 37:139-148).,,,
1113,Trivia,TRIVIA_WHY[124],Nuh built the Ark by Allah's command (Hud 11:37).,,,
1114,Trivia,TRIVIA_WHY[125],"“O fire, be coolness and safety upon Ibrahim” (Al-Anbiya' 21:69).",,,
1115,Trivia,TRIVIA_WHY[126],Ayyub stayed patient and Allah restored him (Sad 38:41-44).,,,
1116,Trivia,TRIVIA_WHY[127],Sulayman heard the ant warn the others and smiled (An-Naml 27:16-19).,,,
1117,Trivia,TRIVIA_WHY[128],“And to Dawud We gave the Zabur” (An-Nisa' 4:163).,,,
1118,Trivia,TRIVIA_WHY[129],The Tawrah was revealed to Musa.,,,
1119,Trivia,TRIVIA_WHY[130],The Injil was given to 'Isa (Al-Ma'idah 5:46).,,,
1120,Trivia,TRIVIA_WHY[131],Hud was sent to 'Ad (Al-A'raf 7:65).,,,
1121,Trivia,TRIVIA_WHY[132],"Salih was sent to Thamud, and the she-camel was their sign (Al-A'raf 7:73).",,,
1122,Trivia,TRIVIA_WHY[133],Shu'ayb told Madyan to give full measure and weight (Al-A'raf 7:85).,,,
1123,Trivia,TRIVIA_WHY[134],"Adam, the first human, was also the first prophet.",,,
1124,Trivia,TRIVIA_WHY[135],Twenty-five prophets are named in the Quran.,,,
1125,Trivia,TRIVIA_WHY[136],“And Allah took Ibrahim as a close friend” (An-Nisa' 4:125).,,,
1126,Trivia,TRIVIA_WHY[137],“And Allah spoke to Musa directly” (An-Nisa' 4:164).,,,
1127,Trivia,TRIVIA_WHY[138],Musa asked for his brother Harun to support him (Ta-Ha 20:29-32). A good teammate.,,,
1128,Trivia,TRIVIA_WHY[139],"Yusuf explained the dream, and Egypt prepared for the famine (Yusuf 12:43-49).",,,
1129,Trivia,TRIVIA_WHY[140],Musa's staff became a snake before Pharaoh (Ta-Ha 20:19-21).,,,
1130,Trivia,TRIVIA_WHY[141],“And We made iron soft for him” (Saba' 34:10).,,,
1131,Trivia,TRIVIA_WHY[142],'Isa was born to Maryam without a father (Aal-'Imran 3:47).,,,
1132,Trivia,TRIVIA_WHY[143],Allah gave Zakariyya the good news of a son named Yahya in his old age (Maryam 19:7).,,,
1133,Trivia,TRIVIA_WHY[144],He is the Messenger of Allah and the seal of the prophets (Al-Ahzab 33:40).,,,
1134,Trivia,TRIVIA_WHY[145],“And We have not sent you except as a mercy to the worlds” (Al-Anbiya' 21:107).,,,
1135,Trivia,TRIVIA_WHY[146],"“And indeed, you are of a great moral character” (Al-Qalam 68:4).",,,
1136,Trivia,TRIVIA_WHY[147],Al-Baqarah is the second surah.,,,
1137,Trivia,TRIVIA_WHY[148],The Prophet ﷺ called Al-Baqarah and Aal-'Imran the two bright ones (Sahih Muslim).,,,
1138,Trivia,TRIVIA_WHY[149],"The two surahs of seeking refuge, often recited for protection.",,,
1139,Trivia,TRIVIA_WHY[150],Surah Al-Mulk (67) begins “Tabaraka alladhi biyadihil-mulk.”,,,
1140,Trivia,TRIVIA_WHY[151],"It is named after the table sent down, asked for by the disciples of 'Isa (5:112-115).",,,
1141,Trivia,TRIVIA_WHY[152],"It compares false protectors to a spider's house, the weakest of houses (29:41).",,,
1142,Trivia,TRIVIA_WHY[153],It tells of the ant who warned the others as Sulayman's army came (27:18).,,,
1143,Trivia,TRIVIA_WHY[154],"Al-Hadid means iron, which the surah mentions as having great strength (57:25).",,,
1144,Trivia,TRIVIA_WHY[155],It opens: “Nun. By the pen and what they write” (68:1).,,,
1145,Trivia,TRIVIA_WHY[156],"“By time, indeed mankind is in loss”, except those who believe, do good and advise each other to truth and patience (103).",,,
1146,Trivia,TRIVIA_WHY[157],Surah Quraysh (106) reminds them of the trade journeys Allah made safe for them.,,,
1147,Trivia,TRIVIA_WHY[158],"Luqman advises his son on tawhid, salah, patience and humility (31:13-19).",,,
1148,Trivia,TRIVIA_WHY[159],Dhul-Qarnayn's journeys and the wall he built are in Al-Kahf (18:83-98).,,,
1149,Trivia,TRIVIA_WHY[160],“Allah is the Light of the heavens and the earth” (An-Nur 24:35).,,,
1150,Trivia,TRIVIA_WHY[161],At-Tin (95) begins “By the fig and the olive.”,,,
1151,Trivia,TRIVIA_WHY[162],Al-'Adiyat means the charging (horses) that run panting (100:1).,,,
1152,Trivia,TRIVIA_WHY[163],Al-Ma'un (107) connects faith with caring for the orphan and the poor.,,,
1153,Trivia,TRIVIA_WHY[164],Surah 111 is known as both Al-Masad and Al-Lahab.,,,
1154,Trivia,TRIVIA_WHY[165],"Al-Baqarah 2:282, about writing down debts, is the longest ayah.",,,
1155,Trivia,TRIVIA_WHY[166],"We say bismillah before we start something, even a game.",,,
1156,Trivia,TRIVIA_WHY[167],Subhanallah declares Allah free of every imperfection.,,,
1157,Trivia,TRIVIA_WHY[168],"Alhamdulillah, the first words after the basmalah in Al-Fatihah.",,,
1158,Trivia,TRIVIA_WHY[169],The Quran teaches us to say in sha Allah about the future (Al-Kahf 18:23-24).,,,
1159,Trivia,TRIVIA_WHY[170],Masha'Allah praises Allah for the good you see (Al-Kahf 18:39).,,,
1160,Trivia,TRIVIA_WHY[171],The Prophet ﷺ sought Allah's forgiveness more than seventy times a day (Sahih al-Bukhari).,,,
1161,Trivia,TRIVIA_WHY[172],The Quran says to return a greeting with a better one or at least the same (An-Nisa' 4:86).,,,
1162,Trivia,TRIVIA_WHY[173],The Prophet ﷺ taught this as an excellent way to thank someone (Sunan at-Tirmidhi).,,,
1163,Trivia,TRIVIA_WHY[174],"Islam means submitting to Allah, and it shares a root with salam, peace.",,,
1164,Trivia,TRIVIA_WHY[175],"Quran comes from qara'a, to read or recite.",,,
1165,Trivia,TRIVIA_WHY[176],"The Sunnah is what he said, did and approved.",,,
1166,Trivia,TRIVIA_WHY[177],Tafsir explains the meanings of the Quran.,,,
1167,Trivia,TRIVIA_WHY[178],"Tajwid covers pronunciation, lengthening and pauses.",,,
1168,Trivia,TRIVIA_WHY[179],A hafiz (or hafizah) carries the whole Quran in memory. That's where Noor comes from on the court.,,,
1169,Trivia,TRIVIA_WHY[180],"Sadaqah can be anything good, even a smile (Sunan at-Tirmidhi).",,,
1170,Callouts and messages in code,career/barakah-run.js:51,BARAKAH RUN · GAME ,,,
1171,Callouts and messages in code,career/barakah-run.js:62,NEW BEST!,,,
1172,Callouts and messages in code,career/barakah-run.js:102,NEW WEEKLY BEST!,,,
1173,Callouts and messages in code,career/barakah-run.js:111,No captured highlight yet.,,,
1174,Callouts and messages in code,career/barakah-run.js:153,PNG ready — check your downloads.,,,
1175,Callouts and messages in code,career/barakah-run.js:226,ONE MORE CHANCE,,,
1176,Callouts and messages in code,career/gym-drills.js:248,"First to 11. After a change of possession, take it past the arc.",,,
1177,Callouts and messages in code,career/salah.js:42,"Salah bonus ready for your next game: +10% shooting, +10% stamina",,,
1178,Callouts and messages in code,career/salah.js:46,Drill stopped,,,
1179,Callouts and messages in code,core/mobile-fit.js:99,You’re already playing fullscreen.,,,
1180,Callouts and messages in code,core/skill-touch.js:67,CHARGE!,,,
1181,Callouts and messages in code,core/skill-touch.js:97,PICKED OFF!,,,
1182,Callouts and messages in code,online/game-settings.js:53,BISMILLAH!,,,
1183,Callouts and messages in code,online/net.js:195,YOUR FRIEND IS BACK,,,
1184,Callouts and messages in code,online/net.js:200,YOUR FRIEND LEFT,,,
1185,Callouts and messages in code,render/bench.js:66,POSTERIZED!,,,
1186,Callouts and messages in code,render/game-feel.js:152,TABARAKALLAH!,,,
1187,Callouts and messages in code,screens/challenges.js:29,CHALLENGE COMPLETE!,,,
1188,Callouts and messages in code,screens/flow.js:206,KEEP REVIEWING!,,,
1189,Callouts and messages in code,screens/navigation.js:59,Fullscreen isn’t available here. Turn your phone sideways for the biggest view.,,,
1190,Callouts and messages in code,sim/fouls.js:73,FOUL!,,,
1191,Callouts and messages in code,sim/match.js:169,TAKE IT BACK FIRST!,,,
1192,Callouts and messages in code,sim/match.js:181,BARAKALLAHU FEEK!,,,
1193,Callouts and messages in code,sim/match.js:204,BUZZER BEATER!,,,
1194,Callouts and messages in code,sim/match.js:208,HOT SPOT!,,,
1195,Callouts and messages in code,sim/match.js:224,SHOT CLOCK!,,,
1196,Callouts and messages in code,sim/match.js:250,ALHAMDULILLAH!,,,
1197,Callouts and messages in code,sim/match.js:254,NOOR!,,,
1198,Callouts and messages in code,sim/mini-games.js:161,KNOCKED OUT!,,,
1199,Callouts and messages in code,sim/mini-games.js:275,NOT FROM THE SPOT,,,
1200,Callouts and messages in code,sim/mini-games.js:277,TIME!,,,
1201,Callouts and messages in code,sim/mini-games.js:286,MISS,,,
1202,Callouts and messages in code,sim/mini-games.js:288,MATCHED!,,,
1203,Callouts and messages in code,sim/players.js:178,CROSSED UP!,,,
1204,Callouts and messages in code,sim/players.js:457,WATCH THE ADAB!,,,
1205,Callouts and messages in code,sim/pump-fake-pickup.js:9,DOUBLE DRIBBLE!,,,
1206,Callouts and messages in code,sim/v6-contact.js:80,HARD FOUL!,,,
1207,Callouts and messages in code,sim/v6-contact.js:157,PINNED!,,,
1208,Callouts and messages in code,sim/v6-contact.js:346,HUSTLE!,,,
1209,Callouts and messages in code,sim/v6-controls-ai.js:158,TIMEOUT,,,
1210,Callouts and messages in code,sim/v6-moves.js:202,GIVE AND GO!,,,
